emp_no,first_name,last_name,birth_date,title,dept_no,dept_name
70469,Tru,Miyakawa,1965-01-12,Staff,d001,Marketing
44900,Mark,Schwaller,1965-01-05,Senior Staff,d001,Marketing
200789,Susumu,Camurati,1965-01-14,Staff,d001,Marketing
47708,Edwin,Haldar,1965-01-05,Senior Staff,d001,Marketing
243637,Marjo,Delgrange,1965-01-16,Staff,d001,Marketing
243898,Arch,Basawa,1965-01-09,Staff,d001,Marketing
244308,Mokhtar,Rebaine,1965-01-10,Staff,d001,Marketing
200735,Dinah,Denos,1965-01-09,Staff,d001,Marketing
432956,Qunsheng,Birrer,1965-01-25,Staff,d001,Marketing
38947,Shuichi,Ruemmler,1965-01-25,Staff,d001,Marketing
223593,Hidefumi,Moehrke,1965-01-20,Staff,d001,Marketing
297431,Cathie,Ratnakar,1965-01-12,Senior Staff,d001,Marketing
227899,Garnik,Luce,1965-01-23,Staff,d001,Marketing
222998,Leaf,Awdeh,1965-01-07,Staff,d001,Marketing
435181,Kazuhide,Fiutem,1965-01-16,Senior Staff,d001,Marketing
246798,Tianruo,Strooper,1965-01-09,Senior Staff,d001,Marketing
435289,Feixiong,Schurmann,1965-01-04,Senior Staff,d001,Marketing
411143,Goncalo,Barbanera,1965-01-08,Senior Staff,d001,Marketing
107792,Shahab,Crooks,1965-01-13,Staff,d001,Marketing
106710,Babette,Anandan,1965-01-31,Staff,d001,Marketing
247875,Xiong,Anick,1965-01-02,Senior Staff,d001,Marketing
230865,Takushi,Brattka,1965-01-02,Staff,d001,Marketing
248351,Jaana,Milicia,1965-02-01,Senior Staff,d001,Marketing
482755,Jouni,Conia,1965-01-03,Senior Staff,d001,Marketing
437395,Sumant,Thambidurai,1965-01-21,Senior Staff,d001,Marketing
103310,Visit,Swen,1965-01-07,Senior Staff,d001,Marketing
438038,Lena,Giaccio,1965-01-01,Senior Staff,d001,Marketing
467886,Sivanarayana,Chandrasekhar,1965-01-02,Senior Staff,d001,Marketing
21546,Yongmin,Lanteri,1965-01-01,Senior Staff,d001,Marketing
294527,Ashish,Candan,1965-01-04,Senior Staff,d001,Marketing
440870,Filipp,Hasham,1965-01-01,Staff,d001,Marketing
221973,Sangeeta,Kalefeld,1965-01-17,Staff,d001,Marketing
467591,Kiyotoshi,Hennebert,1965-01-17,Staff,d001,Marketing
53431,Sham,Vasanthakumar,1965-01-12,Senior Staff,d001,Marketing
443873,Vatsa,Ramsay,1965-01-20,Staff,d001,Marketing
293154,Syozo,Maliniak,1965-01-21,Senior Staff,d001,Marketing
418247,Oscar,Oppitz,1965-01-08,Senior Staff,d001,Marketing
92846,Anyuan,Kropatsch,1965-01-11,Staff,d001,Marketing
91648,Dmitry,Msuda,1965-01-29,Staff,d001,Marketing
91256,Gunilla,Milicic,1965-01-13,Staff,d001,Marketing
34780,Moni,Kohling,1965-01-16,Staff,d001,Marketing
90692,Rajmohan,DasSarma,1965-01-03,Staff,d001,Marketing
89941,Arnould,Weedman,1965-01-23,Senior Staff,d001,Marketing
22455,Barry,Unno,1965-01-06,Staff,d001,Marketing
89664,Pranjal,Rossi,1965-01-20,Staff,d001,Marketing
220582,Poornachandra,Zielinski,1965-01-08,Senior Staff,d001,Marketing
53874,Bodo,Schade,1965-01-23,Staff,d001,Marketing
256888,Heather,Pehl,1965-01-03,Staff,d001,Marketing
257378,Pascal,Bernatsky,1965-01-06,Senior Staff,d001,Marketing
418860,Ymte,Dalton,1965-02-01,Senior Staff,d001,Marketing
219052,Marsal,Acton,1965-01-06,Staff,d001,Marketing
86422,Jaewon,Thummel,1965-02-01,Staff,d001,Marketing
288560,Yifei,Birjandi,1965-01-16,Staff,d001,Marketing
419953,Ung,Orlowski,1965-01-29,Senior Staff,d001,Marketing
86213,Kristine,Clemencon,1965-01-28,Staff,d001,Marketing
287983,Randi,Munos,1965-01-23,Senior Staff,d001,Marketing
32714,Radoslaw,Maliniak,1965-01-16,Staff,d001,Marketing
496978,Danco,Debuse,1965-01-30,Senior Staff,d001,Marketing
452982,Lobel,Aloia,1965-01-29,Senior Staff,d001,Marketing
32347,Terresa,Peres,1965-01-08,Staff,d001,Marketing
453644,Berni,Takkinen,1965-01-07,Staff,d001,Marketing
31568,Mark,Lalonde,1965-01-10,Staff,d001,Marketing
415363,Conal,Shackell,1965-01-19,Staff,d001,Marketing
262439,Lorien,Lagarias,1965-01-30,Senior Staff,d001,Marketing
30938,Yakkov,Samarati,1965-01-06,Staff,d001,Marketing
453913,Stein,Perng,1965-01-23,Staff,d001,Marketing
79763,Sanjoy,Barreiro,1965-01-20,Staff,d001,Marketing
420732,Willard,Morrin,1965-01-06,Staff,d001,Marketing
79310,Jeong,Cunliffe,1965-01-24,Senior Staff,d001,Marketing
455175,Soenke,Zaumen,1965-01-14,Staff,d001,Marketing
284300,Ishfaq,Mahmud,1965-01-22,Senior Staff,d001,Marketing
264626,Noritoshi,Bakhtari,1965-01-13,Staff,d001,Marketing
78106,Ashish,Ratnaker,1965-01-09,Senior Staff,d001,Marketing
457938,Arch,Picco,1965-01-14,Staff,d001,Marketing
29130,Xumin,Thorensen,1965-01-06,Staff,d001,Marketing
266206,Zsolt,Anily,1965-02-01,Staff,d001,Marketing
278536,Munenori,Shobatake,1965-01-14,Staff,d001,Marketing
266881,Mokhtar,Sabnani,1965-01-11,Staff,d001,Marketing
494019,Morrie,Iisaku,1965-01-16,Senior Staff,d001,Marketing
69219,Shuky,Redmiles,1965-01-09,Senior Staff,d001,Marketing
67320,Sadok,Lorys,1965-01-18,Senior Staff,d001,Marketing
276868,Alois,Sanella,1965-01-19,Staff,d001,Marketing
66757,Yonghong,Baig,1965-01-16,Staff,d001,Marketing
463023,Itzchak,Penn,1965-01-06,Staff,d001,Marketing
269728,Naftali,Kragelund,1965-01-12,Senior Staff,d001,Marketing
270084,Ulises,Frolund,1965-01-11,Staff,d001,Marketing
270794,Dannz,Zhang,1965-02-01,Senior Staff,d001,Marketing
488752,Nimmagadda,Baja,1965-01-23,Senior Staff,d001,Marketing
465409,Shahid,Varman,1965-01-30,Staff,d001,Marketing
497340,Fayez,Keohane,1965-01-06,Senior Staff,d001,Marketing
272599,Holgard,Hegner,1965-01-16,Senior Staff,d001,Marketing
58147,Shigenori,Sullins,1965-01-09,Senior Staff,d001,Marketing
61147,Leszek,Werthner,1965-01-30,Staff,d001,Marketing
273806,Hongzhu,Beetstra,1965-01-01,Senior Staff,d001,Marketing
60959,Tetsushi,Sridhar,1965-01-09,Staff,d001,Marketing
60238,Erzsebet,Claffy,1965-01-23,Staff,d001,Marketing
58497,Yechiam,Cairo,1965-01-22,Senior Staff,d001,Marketing
466603,Yechezkel,Nourani,1965-01-23,Staff,d001,Marketing
59869,Zsolt,Riefers,1965-02-01,Senior Staff,d001,Marketing
408447,Mayuri,Werthner,1965-01-13,Staff,d001,Marketing
50670,Boguslaw,Snedden,1965-01-30,Staff,d001,Marketing
215843,Pramod,Loncour,1965-01-30,Staff,d001,Marketing
235729,Henk,Anger,1965-02-01,Senior Staff,d001,Marketing
425535,Alagu,Vieri,1965-01-18,Staff,d001,Marketing
236591,Insup,Reinhard,1965-01-11,Staff,d001,Marketing
210752,Saniya,Stenning,1965-01-25,Staff,d001,Marketing
209565,Dante,Covnot,1965-01-09,Staff,d001,Marketing
20100,Utz,Heuter,1965-01-18,Staff,d001,Marketing
404755,Manu,Junet,1965-01-13,Senior Staff,d001,Marketing
49010,Kazuhisa,Benantar,1965-01-16,Senior Staff,d001,Marketing
403621,Deborah,Kaminger,1965-01-07,Staff,d001,Marketing
51057,Theirry,Albarhamtoshy,1965-01-29,Staff,d001,Marketing
207068,Zhiguo,Ariola,1965-01-13,Senior Staff,d001,Marketing
428160,Jamaludin,Kalorkoti,1965-01-12,Senior Staff,d001,Marketing
205660,Kien,Barreiro,1965-01-27,Staff,d001,Marketing
494493,Masasuke,Koprowski,1965-01-10,Staff,d001,Marketing
205174,Leszek,Spinelli,1965-01-05,Staff,d001,Marketing
478799,Shaw,Borovoy,1965-01-18,Senior Staff,d001,Marketing
241292,Uri,Lampe,1965-01-29,Senior Staff,d001,Marketing
429899,Ranan,Marsiglia,1965-01-30,Staff,d001,Marketing
416877,Gio,Orsini,1965-01-02,Senior Staff,d001,Marketing
432034,Arfst,Uehara,1965-01-24,Senior Staff,d001,Marketing
479695,Masamitsu,Murrill,1965-01-06,Senior Staff,d001,Marketing
242104,Richara,Sudkamp,1965-01-05,Senior Staff,d001,Marketing
499194,Padma,Delgrange,1965-01-29,Senior Staff,d001,Marketing
243018,Bowen,Deverell,1965-01-02,Senior Staff,d001,Marketing
15058,Bouchung,Bugrara,1965-01-30,Staff,d002,Finance
266644,Anwar,Gubsky,1965-01-08,Senior Staff,d002,Finance
227681,Mikhail,Rousseau,1965-01-30,Staff,d002,Finance
36521,Serif,Gladwell,1965-01-21,Senior Staff,d002,Finance
448994,Haldun,Syang,1965-01-12,Staff,d002,Finance
251166,Hinrich,Hooghiemstra,1965-01-22,Staff,d002,Finance
201709,Fan,Kakkad,1965-01-01,Senior Staff,d002,Finance
95920,Nobuyoshi,Hegner,1965-01-19,Staff,d002,Finance
294446,Claudi,Ruemmler,1965-01-27,Staff,d002,Finance
420877,Khosrow,Erez,1965-01-29,Staff,d002,Finance
488540,Breannda,Maquelin,1965-01-22,Senior Staff,d002,Finance
443108,Christfried,Atrawala,1965-01-14,Senior Staff,d002,Finance
463099,Jinxi,Schmiedel,1965-01-15,Staff,d002,Finance
294241,Marl,Fiebach,1965-01-12,Staff,d002,Finance
244605,Masoud,Suwa,1965-01-22,Staff,d002,Finance
27378,Piyawadee,Leppanen,1965-01-28,Senior Staff,d002,Finance
488984,Kendra,Junet,1965-01-18,Staff,d002,Finance
50453,Aron,Harbusch,1965-01-12,Staff,d002,Finance
298953,Zita,Syang,1965-02-01,Staff,d002,Finance
54632,Etsuo,Serot,1965-01-19,Senior Staff,d002,Finance
262208,Mrinalini,Holburn,1965-01-16,Senior Staff,d002,Finance
489755,Matk,Chorvat,1965-01-14,Staff,d002,Finance
58141,Bezalel,Karner,1965-01-05,Staff,d002,Finance
109598,Stamatina,Auyong,1965-02-01,Senior Staff,d002,Finance
298577,Florina,Litecky,1965-01-11,Senior Staff,d002,Finance
217800,Shay,Servieres,1965-02-01,Senior Staff,d002,Finance
423214,Tsutomu,Tetzlaff,1965-01-31,Senior Staff,d002,Finance
424685,Changho,Veevers,1965-01-10,Senior Staff,d002,Finance
94416,Aran,Cesareni,1965-01-01,Senior Staff,d002,Finance
109278,Bangqing,Schach,1965-01-21,Senior Staff,d002,Finance
489756,Kersti,Miculan,1965-01-01,Staff,d002,Finance
93549,Arie,Coullard,1965-02-01,Senior Staff,d002,Finance
56415,Sigeru,Nivat,1965-01-30,Staff,d002,Finance
265039,Navid,Staudhammer,1965-01-03,Staff,d002,Finance
59640,Zita,Hiltgen,1965-01-18,Staff,d002,Finance
259619,Conal,Magliocco,1965-01-21,Senior Staff,d002,Finance
408417,Tsz,Daescu,1965-01-19,Staff,d002,Finance
450475,Saeed,Bahl,1965-01-21,Senior Staff,d002,Finance
230579,Shahar,Negoita,1965-01-17,Staff,d002,Finance
215746,Sven,Speer,1965-01-08,Staff,d002,Finance
450936,Yuriy,Ponthieu,1965-01-18,Senior Staff,d002,Finance
43154,Maha,Waterhouse,1965-01-13,Senior Staff,d002,Finance
287713,Aamod,Ranka,1965-01-23,Senior Staff,d002,Finance
425540,Paddy,Zumaque,1965-01-03,Senior Staff,d002,Finance
426168,Kaijung,Mateescu,1965-01-10,Staff,d002,Finance
436797,Ohad,Henders,1965-01-24,Staff,d002,Finance
471552,Basem,Lortz,1965-01-22,Staff,d002,Finance
407522,Tommaso,Raczkowsky,1965-01-25,Staff,d002,Finance
48904,Yuichiro,Malabarba,1965-01-23,Staff,d002,Finance
85414,Chiradeep,Callaway,1965-01-14,Staff,d002,Finance
260399,Hatem,Birsak,1965-01-30,Staff,d002,Finance
85216,Ferdinand,Rosiles,1965-01-18,Senior Staff,d002,Finance
413666,Remco,Duclos,1965-01-05,Senior Staff,d002,Finance
474331,Sugwoo,Eugenio,1965-01-29,Senior Staff,d002,Finance
89161,Conal,Yetto,1965-01-07,Senior Staff,d002,Finance
12643,Morrie,Schurmann,1965-01-30,Staff,d002,Finance
31341,Oksana,Zultner,1965-01-01,Staff,d002,Finance
427776,Jaques,Navazio,1965-01-25,Staff,d002,Finance
437276,Dines,DeMori,1965-01-17,Senior Staff,d002,Finance
402827,Weidon,Pollacia,1965-01-28,Senior Staff,d002,Finance
427805,Haldun,Compeau,1965-01-21,Senior Staff,d002,Finance
205789,Limsoon,Skafidas,1965-01-31,Senior Staff,d002,Finance
482905,Aral,Hebden,1965-01-16,Senior Staff,d002,Finance
104845,Werner,Lodder,1965-01-29,Staff,d002,Finance
31147,Divine,Sidhu,1965-01-04,Senior Staff,d002,Finance
17013,Morris,Garigliano,1965-01-15,Senior Staff,d002,Finance
88958,Vojin,Coombs,1965-01-22,Staff,d002,Finance
428195,Hatsukazu,Rosca,1965-01-11,Senior Staff,d002,Finance
429316,Seshu,Hiraishi,1965-01-08,Senior Staff,d002,Finance
261662,Berni,Assaf,1965-01-11,Senior Staff,d002,Finance
204133,Susuma,Bergere,1965-01-22,Senior Staff,d002,Finance
257469,Anyuan,Hanratty,1965-01-22,Staff,d002,Finance
431576,Masamitsu,Back,1965-01-06,Staff,d002,Finance
439924,Gunilla,Kisuki,1965-01-30,Senior Staff,d002,Finance
447135,Gennady,Rouquie,1965-01-31,Senior Staff,d003,Human Resources
413832,Marco,Jahnichen,1965-01-24,Senior Staff,d003,Human Resources
229404,Gilbert,Kilgour,1965-01-11,Staff,d003,Human Resources
230354,Yinghua,Lorho,1965-01-31,Staff,d003,Human Resources
232178,Etsuo,Anandan,1965-01-29,Staff,d003,Human Resources
410028,Xiadong,McClurg,1965-01-11,Senior Staff,d003,Human Resources
49477,Baocai,Leaver,1965-01-14,Senior Staff,d003,Human Resources
404573,Eberhardt,Spelt,1965-01-31,Staff,d003,Human Resources
403644,Krisda,Hainaut,1965-01-19,Staff,d003,Human Resources
492000,Valeska,Cools,1965-01-10,Staff,d003,Human Resources
401154,Danae,Kragelund,1965-01-27,Senior Staff,d003,Human Resources
299346,Fumitake,Sichman,1965-01-09,Senior Staff,d003,Human Resources
245396,Gift,Bottner,1965-01-31,Staff,d003,Human Resources
246244,George,Casperson,1965-01-09,Staff,d003,Human Resources
14104,Sudhanshu,Demian,1965-01-03,Senior Staff,d003,Human Resources
246902,Shih,Shanbhogue,1965-01-27,Staff,d003,Human Resources
247122,Xiaobin,Narlikar,1965-01-23,Senior Staff,d003,Human Resources
295857,Kankanahalli,Ciolek,1965-01-17,Staff,d003,Human Resources
295268,Eben,Calkin,1965-01-28,Staff,d003,Human Resources
295254,Xuejun,Pfau,1965-01-15,Staff,d003,Human Resources
251341,Divier,Kumaresan,1965-01-11,Staff,d003,Human Resources
293080,Hideyuki,Slaats,1965-01-12,Senior Staff,d003,Human Resources
290075,Boalin,Byoun,1965-01-15,Staff,d003,Human Resources
256856,Hongzue,Barbanera,1965-01-03,Staff,d003,Human Resources
257484,Shaowei,Nicolson,1965-01-01,Senior Staff,d003,Human Resources
290009,Zijian,Rindone,1965-01-22,Senior Staff,d003,Human Resources
288166,Masoud,Asmuth,1965-01-11,Staff,d003,Human Resources
467176,Przemyslawa,Borovoy,1965-01-05,Senior Staff,d003,Human Resources
287327,Youjian,Felder,1965-01-13,Staff,d003,Human Resources
263012,Hideo,Buchter,1965-01-09,Staff,d003,Human Resources
466745,Boalin,Birsak,1965-01-26,Staff,d003,Human Resources
286370,Toshimitsu,Seuren,1965-01-06,Staff,d003,Human Resources
280070,Niteen,Ebeling,1965-01-24,Staff,d003,Human Resources
278452,Sudhanshu,Toyoshima,1965-01-07,Staff,d003,Human Resources
276189,Isaac,Klerer,1965-01-10,Staff,d003,Human Resources
276186,Sajjad,Vecchi,1965-01-30,Staff,d003,Human Resources
274071,Mingsen,Weiland,1965-01-01,Staff,d003,Human Resources
60821,Moty,Mersereau,1965-01-02,Staff,d003,Human Resources
465853,Kwan,Kampfer,1965-01-01,Staff,d003,Human Resources
465501,Mrinalini,Gire,1965-01-05,Senior Staff,d003,Human Resources
63441,Hinrich,Scallan,1965-01-15,Staff,d003,Human Resources
463495,Alenka,Barriga,1965-01-28,Senior Staff,d003,Human Resources
67548,Fumitaka,Roohalamini,1965-01-11,Staff,d003,Human Resources
460691,Munehiko,Gihr,1965-01-16,Senior Staff,d003,Human Resources
458134,Thanasis,Standera,1965-01-11,Staff,d003,Human Resources
71141,Sajjad,Vitiello,1965-01-02,Staff,d003,Human Resources
457070,Gay,Plavsic,1965-01-25,Senior Staff,d003,Human Resources
487988,Ekawit,Schaft,1965-01-05,Staff,d003,Human Resources
78469,Leucio,Cappelli,1965-01-28,Staff,d003,Human Resources
82351,Stevo,Thambidurai,1965-01-26,Senior Staff,d003,Human Resources
453070,Aran,Rosenbaum,1965-01-06,Senior Staff,d003,Human Resources
486068,Yefim,Bernardeschi,1965-01-11,Staff,d003,Human Resources
451333,Radhika,Bonifati,1965-01-15,Senior Staff,d003,Human Resources
34261,Kyoichi,Callaway,1965-01-05,Senior Staff,d003,Human Resources
89090,Tetsushi,Theuretzbacher,1965-01-26,Senior Staff,d003,Human Resources
89207,Along,Erol,1965-01-15,Staff,d003,Human Resources
484142,Perry,Cooman,1965-01-05,Staff,d003,Human Resources
484126,Manton,Lueh,1965-01-05,Senior Staff,d003,Human Resources
97623,Haldon,Janetzko,1965-01-25,Senior Staff,d003,Human Resources
440450,Tzvetan,Scharstein,1965-01-16,Senior Staff,d003,Human Resources
103196,Djenana,Albarhamtoshy,1965-01-16,Staff,d003,Human Resources
437724,Erez,Luft,1965-01-17,Staff,d003,Human Resources
436827,Wojceich,Limongiello,1965-01-30,Senior Staff,d003,Human Resources
106242,Nevio,Thisen,1965-02-01,Staff,d003,Human Resources
18617,Surveyors,Crouzet,1965-01-21,Senior Staff,d003,Human Resources
435588,Genta,Pepe,1965-01-29,Staff,d003,Human Resources
481050,Weiru,Burnard,1965-01-16,Staff,d003,Human Resources
201229,Alejandra,Khasidashvili,1965-01-03,Staff,d003,Human Resources
201708,Anneli,Perl,1965-01-15,Staff,d003,Human Resources
39036,Changho,Cappelli,1965-01-08,Staff,d003,Human Resources
202950,Giordano,Pietrzykowski,1965-01-17,Senior Staff,d003,Human Resources
203946,Yefim,Marwedel,1965-01-23,Senior Staff,d003,Human Resources
429703,Ung,Honglei,1965-01-06,Senior Staff,d003,Human Resources
428082,Ronghao,Alpin,1965-01-09,Senior Staff,d003,Human Resources
207980,Remko,Vieth,1965-01-07,Staff,d003,Human Resources
209443,Krassimir,Garnier,1965-01-19,Senior Staff,d003,Human Resources
210017,Shalesh,Lovengreen,1965-01-28,Senior Staff,d003,Human Resources
210292,Lihong,Zeilberger,1965-01-18,Staff,d003,Human Resources
210786,Werner,Ranze,1965-01-31,Staff,d003,Human Resources
42778,Shuji,Remmers,1965-01-19,Staff,d003,Human Resources
212093,Leni,Henders,1965-01-11,Staff,d003,Human Resources
426235,Danco,Rajala,1965-01-31,Staff,d003,Human Resources
43733,Huei,Boguraev,1965-01-26,Staff,d003,Human Resources
215419,Flemming,Kroha,1965-01-16,Staff,d003,Human Resources
424930,Xuejun,Reeker,1965-01-19,Staff,d003,Human Resources
421384,Renny,Bednarek,1965-01-02,Staff,d003,Human Resources
218100,Jiong,Garnham,1965-01-24,Senior Staff,d003,Human Resources
475538,Christophe,Leaver,1965-01-15,Staff,d003,Human Resources
219967,Susanna,Reeken,1965-01-16,Senior Staff,d003,Human Resources
222206,Stein,Uludag,1965-01-21,Staff,d003,Human Resources
224934,George,Miake,1965-01-05,Senior Staff,d003,Human Resources
48690,Hitomi,Schaap,1965-01-12,Staff,d003,Human Resources
265875,Fan,Marsiglia,1965-01-20,Senior Engineer,d004,Production
70990,Arumugam,Nitta,1965-01-22,Senior Engineer,d004,Production
232697,Barry,Ramsak,1965-01-23,Senior Engineer,d004,Production
414027,Tadanori,Msuda,1965-01-31,Engineer,d004,Production
458111,Florian,Tramer,1965-01-23,Engineer,d004,Production
71243,Kinh,Buchter,1965-01-10,Engineer,d004,Production
28988,Tua,Giveon,1965-01-18,Technique Leader,d004,Production
71685,Kristinn,Olano,1965-01-01,Senior Engineer,d004,Production
280648,Heeju,Lorys,1965-01-04,Engineer,d004,Production
281859,Masanao,Papastamatiou,1965-01-17,Senior Engineer,d004,Production
29380,Satoru,Vidal,1965-01-30,Assistant Engineer,d004,Production
72194,Feiyu,Siepmann,1965-01-26,Senior Engineer,d004,Production
265521,Kensei,Salverda,1965-01-04,Engineer,d004,Production
457813,Foong,Gargeya,1965-01-28,Senior Engineer,d004,Production
457776,Florian,Siepmann,1965-01-15,Senior Engineer,d004,Production
29418,Valery,Mersereau,1965-01-22,Assistant Engineer,d004,Production
73233,Shigeo,Merey,1965-01-15,Senior Engineer,d004,Production
73516,Qingxiang,Badache,1965-01-14,Engineer,d004,Production
73743,Anneke,Bernardeschi,1965-01-15,Engineer,d004,Production
74200,Holgard,Weiland,1965-01-16,Senior Engineer,d004,Production
10663,Teunis,Noriega,1965-01-09,Technique Leader,d004,Production
457489,Berna,Ranst,1965-01-24,Senior Engineer,d004,Production
74800,Yuuichi,Conde,1965-01-25,Senior Engineer,d004,Production
29782,Jouko,Hellwagner,1965-01-29,Senior Engineer,d004,Production
29954,Pranay,Giarratana,1965-01-27,Senior Engineer,d004,Production
76189,Kolar,Hinsberger,1965-01-02,Senior Engineer,d004,Production
30007,Kousuke,Vecchio,1965-01-24,Senior Engineer,d004,Production
415338,Shigeo,Emmart,1965-01-22,Assistant Engineer,d004,Production
475258,Fumiyo,Feinberg,1965-01-10,Staff,d004,Production
455814,Giao,DuCasse,1965-01-28,Senior Engineer,d004,Production
77647,Niranjan,Schaaf,1965-01-07,Technique Leader,d004,Production
497007,Oldrich,Adachi,1965-01-23,Senior Engineer,d004,Production
264939,Bogdan,Bahi,1965-01-10,Senior Engineer,d004,Production
497835,Shuho,Laurillard,1965-01-29,Technique Leader,d004,Production
46811,Junsik,Berendt,1965-01-10,Senior Engineer,d004,Production
16528,Gaurav,Swick,1965-01-21,Engineer,d004,Production
79043,Katsuo,Hockney,1965-01-24,Technique Leader,d004,Production
79171,Guiseppe,Ellozy,1965-01-19,Senior Engineer,d004,Production
264030,Zdislav,Solares,1965-01-15,Assistant Engineer,d004,Production
286573,Nahum,Nishimukai,1965-01-27,Engineer,d004,Production
286779,Sigeru,Versino,1965-01-24,Engineer,d004,Production
454994,Mohan,Picht,1965-01-01,Engineer,d004,Production
454825,Kamakshi,Schusler,1965-01-02,Senior Engineer,d004,Production
454791,Xiaoqiu,Pietracaprina,1965-01-22,Senior Engineer,d004,Production
454378,Gina,Ossenbruggen,1965-01-06,Technique Leader,d004,Production
56209,Remzi,Douceur,1965-01-19,Engineer,d004,Production
80850,Koldo,Luit,1965-02-01,Senior Engineer,d004,Production
486956,Matt,Ruemmler,1965-01-01,Engineer,d004,Production
17206,Berry,DeMori,1965-01-02,Senior Engineer,d004,Production
262928,Piyush,Gill,1965-01-01,Senior Engineer,d004,Production
14127,Magdalena,Cannard,1965-01-10,Senior Engineer,d004,Production
453723,Arne,Kohling,1965-01-15,Senior Engineer,d004,Production
31188,Leandro,Gist,1965-01-12,Technique Leader,d004,Production
82069,Yechezkel,Perfilyeva,1965-01-20,Senior Engineer,d004,Production
82098,Poornachandra,Wilharm,1965-01-25,Senior Engineer,d004,Production
418606,Michaela,Otillio,1965-01-11,Engineer,d004,Production
31207,Abdelwaheb,Dulin,1965-01-30,Senior Engineer,d004,Production
262636,Tamiya,Reutenauer,1965-01-04,Senior Engineer,d004,Production
17369,Yaghout,Kenevan,1965-01-31,Senior Engineer,d004,Production
83280,Francesca,Ellozy,1965-01-07,Senior Engineer,d004,Production
287334,Elliott,Speer,1965-01-05,Engineer,d004,Production
31909,Murthy,Peek,1965-01-10,Engineer,d004,Production
55799,Jianwen,Litzler,1965-01-23,Senior Engineer,d004,Production
83714,Ohad,Kilgore,1965-01-27,Engineer,d004,Production
261737,Mark,Lindqvist,1965-01-23,Engineer,d004,Production
418566,Kazuhide,Snedden,1965-01-27,Senior Engineer,d004,Production
23396,Hilari,Fairtlough,1965-01-02,Technique Leader,d004,Production
84179,Shuichi,Nanard,1965-01-25,Senior Engineer,d004,Production
452956,Gou,Thombley,1965-01-17,Senior Engineer,d004,Production
261184,Masako,Kornatzky,1965-01-30,Senior Engineer,d004,Production
410804,Ronnie,Denos,1965-01-17,Engineer,d004,Production
55640,Adit,Syrotiuk,1965-01-25,Senior Engineer,d004,Production
452137,Subir,Miake,1965-01-15,Senior Engineer,d004,Production
498955,Nechama,Kandlur,1965-01-13,Engineer,d004,Production
418380,Kazuhiko,Gornas,1965-01-02,Senior Engineer,d004,Production
287583,Jovan,Hockney,1965-01-18,Senior Engineer,d004,Production
85288,Younwoo,Luders,1965-01-06,Senior Engineer,d004,Production
260361,Reinhold,Rahier,1965-01-25,Engineer,d004,Production
467392,Mariusz,Rikino,1965-01-07,Engineer,d004,Production
450934,Chanjung,Raoux,1965-01-23,Senior Engineer,d004,Production
54795,Sumant,Nergos,1965-01-29,Senior Staff,d004,Production
259273,Xiahua,Gomatam,1965-01-22,Senior Engineer,d004,Production
485817,Mahmut,Bolotov,1965-01-29,Engineer,d004,Production
288563,Cristinel,Gerlach,1965-01-02,Senior Engineer,d004,Production
86546,Oldrich,Woycyznski,1965-01-09,Engineer,d004,Production
86655,Zhenhua,Lorys,1965-01-01,Engineer,d004,Production
22926,Manibrata,Genther,1965-01-01,Senior Engineer,d004,Production
448918,Chiradeep,Arlazarov,1965-01-23,Senior Engineer,d004,Production
33215,Steen,Fasbender,1965-01-29,Technique Leader,d004,Production
87714,Khun,Janetzko,1965-01-16,Assistant Engineer,d004,Production
448769,Mong,Dichev,1965-01-18,Technique Leader,d004,Production
17970,Filipp,Carrere,1965-01-06,Technique Leader,d004,Production
447982,Shiv,Baezner,1965-01-25,Senior Engineer,d004,Production
484498,Herbert,Hammerschmidt,1965-01-26,Engineer,d004,Production
88422,Jungsoon,Birsak,1965-01-28,Technique Leader,d004,Production
220625,Shigenori,Deville,1965-01-25,Technique Leader,d004,Production
53924,Arnould,Gaughan,1965-01-27,Senior Engineer,d004,Production
17988,Mabhin,Calkin,1965-01-31,Senior Engineer,d004,Production
34452,Naftaly,Foong,1965-01-08,Senior Engineer,d004,Production
418309,Danel,Petereit,1965-01-24,Engineer,d004,Production
256216,Halsur,Brodal,1965-01-01,Engineer,d004,Production
475087,Genevieve,Snedden,1965-01-31,Senior Engineer,d004,Production
20885,Otmar,Rothenberg,1965-01-21,Senior Engineer,d004,Production
447966,Kamakshi,Hebert,1965-01-05,Engineer,d004,Production
255779,Heejo,Merle,1965-01-31,Technique Leader,d004,Production
89680,Aiman,Mawatari,1965-01-27,Senior Engineer,d004,Production
89806,Xiadong,Shinomoto,1965-01-27,Senior Engineer,d004,Production
89922,Alexius,Ibel,1965-01-26,Senior Engineer,d004,Production
255466,Huan,Roccetti,1965-01-18,Senior Engineer,d004,Production
34533,Erzsebet,Shigei,1965-01-10,Senior Engineer,d004,Production
90084,Renny,Bale,1965-01-01,Senior Engineer,d004,Production
90211,Bader,Denis,1965-01-15,Engineer,d004,Production
90292,Koichi,Assaf,1965-01-09,Senior Engineer,d004,Production
228766,Nahla,Smailagic,1965-01-11,Engineer,d004,Production
90614,Yonghoan,Trogemann,1965-01-29,Engineer,d004,Production
254399,Armond,Lores,1965-01-24,Technique Leader,d004,Production
447018,Dannz,Miara,1965-01-17,Senior Engineer,d004,Production
290563,Shigehiro,Oxenboll,1965-01-09,Senior Engineer,d004,Production
91229,Yahiko,Hebden,1965-01-01,Senior Engineer,d004,Production
253893,Huiqun,Trystram,1965-01-04,Senior Engineer,d004,Production
446897,Takahiro,Dalton,1965-01-22,Technique Leader,d004,Production
446306,Hercules,Kabayashi,1965-01-22,Senior Engineer,d004,Production
253838,Stafford,Terlouw,1965-01-28,Assistant Engineer,d004,Production
92438,Aria,Kilgore,1965-01-04,Senior Engineer,d004,Production
445941,Masako,Dechter,1965-01-11,Technique Leader,d004,Production
92577,Zhanqiu,Farrow,1965-01-06,Assistant Engineer,d004,Production
92598,Ranga,Merro,1965-01-18,Assistant Engineer,d004,Production
445723,Gaurav,Roison,1965-01-31,Senior Staff,d004,Production
445226,Oscar,Baumann,1965-01-01,Senior Engineer,d004,Production
292828,Ziya,Tokunaga,1965-01-10,Senior Engineer,d004,Production
34788,Ennio,Babu,1965-01-27,Senior Engineer,d004,Production
34936,Bokyung,Stamatiou,1965-01-12,Technique Leader,d004,Production
444465,Prasadram,Bultermann,1965-01-13,Senior Engineer,d004,Production
93278,Magdalena,Penn,1965-02-01,Senior Engineer,d004,Production
252392,Sanjeeva,Peron,1965-01-01,Senior Engineer,d004,Production
93600,Kristina,Neimat,1965-01-13,Technique Leader,d004,Production
94331,Ramzi,Cronau,1965-01-26,Technique Leader,d004,Production
53499,Zdislav,Mandelberg,1965-01-20,Engineer,d004,Production
35044,Jiang,Waschkowski,1965-01-04,Senior Engineer,d004,Production
418298,Arvin,Pusterhofer,1965-01-08,Engineer,d004,Production
251814,Mitsuyuki,Zockler,1965-01-01,Technique Leader,d004,Production
10933,Juyoung,Seghrouchni,1965-01-24,Senior Engineer,d004,Production
467441,Margareta,Bondorf,1965-01-13,Senior Engineer,d004,Production
35642,Ashish,Talmon,1965-01-30,Senior Engineer,d004,Production
483838,Sham,Kavanagh,1965-01-03,Assistant Engineer,d004,Production
95509,Kristinn,Loncour,1965-01-11,Engineer,d004,Production
251233,Yucel,Bernini,1965-01-07,Senior Engineer,d004,Production
96571,Kokou,Garrabrants,1965-01-13,Senior Engineer,d004,Production
96579,Mohan,Tasistro,1965-01-18,Engineer,d004,Production
96767,Arumugam,Vecchio,1965-01-07,Senior Engineer,d004,Production
97018,Jeanna,Chinen,1965-01-09,Engineer,d004,Production
49119,Lena,Peek,1965-01-09,Engineer,d004,Production
442898,Aksel,Gire,1965-01-07,Engineer,d004,Production
442490,Navid,Luke,1965-01-08,Engineer,d004,Production
98306,Ziya,Kadhim,1965-01-16,Senior Engineer,d004,Production
442312,Zengping,Cusworth,1965-01-05,Engineer,d004,Production
442096,Martijn,DiGiano,1965-01-15,Senior Engineer,d004,Production
441954,Leszek,Marchegay,1965-01-03,Engineer,d004,Production
12155,Keiichiro,Glinert,1965-01-21,Senior Engineer,d004,Production
441536,Chinho,Collette,1965-01-10,Senior Engineer,d004,Production
52970,Lobel,Werthner,1965-01-22,Senior Engineer,d004,Production
100865,Hisao,Peral,1965-01-19,Senior Engineer,d004,Production
52956,Khalil,Picci,1965-01-31,Senior Engineer,d004,Production
221435,Djenana,Marrevee,1965-01-06,Senior Engineer,d004,Production
249969,Georgi,Luiz,1965-01-21,Engineer,d004,Production
249780,Nechama,Gaughan,1965-01-12,Senior Engineer,d004,Production
102620,Adin,Templeman,1965-01-03,Engineer,d004,Production
410881,Koichi,Grabner,1965-01-06,Senior Engineer,d004,Production
468417,Kamakshi,Huhdanpaa,1965-01-25,Engineer,d004,Production
483825,Marek,Mitchem,1965-01-22,Senior Engineer,d004,Production
228098,IEEE,Kroll,1965-01-18,Engineer,d004,Production
483675,Hausi,Kamber,1965-01-22,Engineer,d004,Production
249433,Ayonca,Matzov,1965-01-16,Senior Engineer,d004,Production
295255,Jacopo,Bellone,1965-01-04,Technique Leader,d004,Production
469104,Nadjib,Comellas,1965-01-21,Senior Engineer,d004,Production
248953,Percy,Sudbeck,1965-01-29,Assistant Engineer,d004,Production
482885,Shaunak,Brizzi,1965-01-29,Assistant Engineer,d004,Production
295262,Moon,Pews,1965-01-22,Assistant Engineer,d004,Production
474796,Zongyan,Shackel,1965-01-10,Technique Leader,d004,Production
496970,Giordano,Maquelin,1965-01-03,Senior Engineer,d004,Production
106096,Naftali,Schurmann,1965-01-14,Engineer,d004,Production
21181,Jianhui,Cangellaris,1965-01-21,Assistant Engineer,d004,Production
13499,Kazuhiko,Sidou,1965-01-16,Technique Leader,d004,Production
52599,Augustine,Mungall,1965-01-25,Senior Engineer,d004,Production
38103,Masasuke,Babu,1965-01-12,Senior Engineer,d004,Production
481764,Teiji,Marrakchi,1965-01-27,Senior Engineer,d004,Production
247456,Masako,Bahk,1965-01-16,Engineer,d004,Production
247447,Tzu,Bakhtari,1965-01-28,Senior Engineer,d004,Production
418239,Josyula,Motley,1965-01-03,Senior Engineer,d004,Production
296664,Dipayan,Geffroy,1965-01-31,Senior Engineer,d004,Production
108316,Shai,Stellhorn,1965-01-02,Senior Engineer,d004,Production
296718,Kamakshi,Bahl,1965-01-30,Senior Engineer,d004,Production
481397,Luisa,Chelton,1965-01-31,Assistant Engineer,d004,Production
38593,Huei,Orsini,1965-01-14,Senior Engineer,d004,Production
109252,Moty,Winter,1965-01-15,Technique Leader,d004,Production
297954,Sailaja,Fujisaki,1965-01-13,Assistant Engineer,d004,Production
245164,Filipp,Winter,1965-01-23,Engineer,d004,Production
469269,Weiyi,Codenie,1965-01-23,Engineer,d004,Production
244714,Poorav,Clouatre,1965-01-27,Senior Engineer,d004,Production
109703,Arco,Walston,1965-01-17,Engineer,d004,Production
109741,Hatem,Fadgyas,1965-01-11,Senior Engineer,d004,Production
432399,Nitsan,Nollmann,1965-01-19,Senior Engineer,d004,Production
432257,Kwangjo,Hiltgen,1965-01-20,Engineer,d004,Production
200312,Akemi,Fujisaki,1965-01-27,Senior Engineer,d004,Production
231459,Nectarios,Pramanik,1965-01-28,Assistant Engineer,d004,Production
244711,Rosli,Butner,1965-01-25,Engineer,d004,Production
243077,Kazunori,Perz,1965-02-01,Senior Engineer,d004,Production
222878,Annemarie,Zallocco,1965-01-10,Engineer,d004,Production
411082,Martine,Cangellaris,1965-01-08,Engineer,d004,Production
469399,Hongzhu,Ruemmler,1965-01-25,Engineer,d004,Production
222952,Gopalakrishnan,Suermann,1965-01-28,Senior Engineer,d004,Production
242081,Tomokazu,Pargas,1965-01-12,Assistant Engineer,d004,Production
201915,Sudharsan,DeMori,1965-01-02,Senior Engineer,d004,Production
202291,Ortrun,Schmiedel,1965-01-16,Engineer,d004,Production
202403,Gully,Perko,1965-01-09,Engineer,d004,Production
242019,Herb,Murrill,1965-01-09,Senior Engineer,d004,Production
202552,Morris,Saoudi,1965-01-05,Senior Engineer,d004,Production
39341,Mahmut,Lampe,1965-01-01,Engineer,d004,Production
479407,Randi,Tomescu,1965-01-18,Senior Engineer,d004,Production
230498,Kolar,Puppo,1965-01-15,Senior Engineer,d004,Production
241728,Limsoon,Boudaillier,1965-01-30,Senior Engineer,d004,Production
479024,Ewing,Kalorkoti,1965-01-03,Engineer,d004,Production
499260,Danae,Honglei,1965-01-11,Engineer,d004,Production
430891,Khalil,Gien,1965-01-06,Senior Engineer,d004,Production
230287,Renny,Alameldin,1965-01-14,Assistant Engineer,d004,Production
241667,Atilio,Olivero,1965-01-28,Engineer,d004,Production
52038,Chikako,Armand,1965-01-13,Senior Engineer,d004,Production
223595,Chiranjit,Dredge,1965-02-01,Technique Leader,d004,Production
40301,Spyrose,Felder,1965-01-20,Senior Engineer,d004,Production
22185,Huai,Birch,1965-01-29,Engineer,d004,Production
19236,Elzbieta,Morris,1965-01-24,Engineer,d004,Production
478833,Pradeep,Valiente,1965-01-30,Senior Engineer,d004,Production
492677,Goetz,McAffer,1965-01-26,Senior Engineer,d004,Production
240870,Francesca,Chorvat,1965-01-06,Staff,d004,Production
401278,Oguz,Schurmann,1965-01-16,Engineer,d004,Production
240340,Mack,Staylopatis,1965-01-14,Senior Engineer,d004,Production
205627,Stabislas,Broder,1965-01-21,Engineer,d004,Production
401333,Martins,Shokrollahi,1965-01-30,Senior Engineer,d004,Production
240236,True,Tischendorf,1965-01-24,Senior Engineer,d004,Production
401574,Yannik,Falco,1965-01-13,Technique Leader,d004,Production
412404,Mitsuyuki,Jeansoulin,1965-01-15,Senior Engineer,d004,Production
427852,Adil,Kieras,1965-01-02,Senior Engineer,d004,Production
402664,Subhada,Janetzko,1965-01-04,Senior Engineer,d004,Production
41114,Petter,Thummel,1965-01-25,Technique Leader,d004,Production
207021,Jacqueline,Akaboshi,1965-01-20,Engineer,d004,Production
239706,Arunas,Bugrara,1965-01-15,Assistant Engineer,d004,Production
478768,Arun,Katzenelson,1965-01-03,Senior Engineer,d004,Production
239664,Sugwoo,Michaels,1965-01-04,Senior Engineer,d004,Production
239415,Susumu,Brender,1965-01-01,Senior Engineer,d004,Production
426958,Weijing,Viele,1965-01-19,Senior Engineer,d004,Production
473940,Avishai,Majewski,1965-01-16,Engineer,d004,Production
41518,Keung,Schapiro,1965-01-11,Senior Engineer,d004,Production
426819,Sandeepan,Kulisch,1965-01-13,Engineer,d004,Production
426706,Karsten,Kawashima,1965-01-07,Engineer,d004,Production
405063,Yechezkel,Yurov,1965-01-26,Senior Engineer,d004,Production
208784,Pranjal,Juneja,1965-01-30,Senior Engineer,d004,Production
426644,Zejun,Broomell,1965-01-13,Engineer,d004,Production
416892,Shooichi,Vandervoorde,1965-01-03,Engineer,d004,Production
238112,Miomir,Frezza,1965-01-12,Technique Leader,d004,Production
478007,Fumino,Narahara,1965-01-06,Senior Engineer,d004,Production
415187,Juyoung,Peltason,1965-01-03,Assistant Engineer,d004,Production
229981,Jamaludin,Fordan,1965-01-19,Senior Engineer,d004,Production
210449,Gino,Lagarias,1965-01-19,Engineer,d004,Production
406125,Georgi,Portugali,1965-01-25,Technique Leader,d004,Production
414543,Bernd,Anick,1965-01-03,Senior Engineer,d004,Production
211858,Domenico,Ratnaker,1965-01-08,Senior Engineer,d004,Production
48882,Leen,Lamparter,1965-01-28,Senior Engineer,d004,Production
42911,Brigham,Eterovic,1965-01-29,Senior Engineer,d004,Production
416720,Tokuyasu,Xiaoshan,1965-01-14,Engineer,d004,Production
225964,Mooi,Cooman,1965-01-19,Senior Engineer,d004,Production
407837,Fei,Erez,1965-02-01,Senior Engineer,d004,Production
476327,Reinhold,Binkley,1965-01-31,Engineer,d004,Production
425757,Yongdong,Jiang,1965-01-18,Senior Staff,d004,Production
476122,Khun,Spieker,1965-01-04,Engineer,d004,Production
213447,Armond,Perly,1965-02-01,Engineer,d004,Production
50831,Marie,Khalid,1965-01-06,Senior Engineer,d004,Production
235793,Jayesh,Spinelli,1965-01-03,Senior Engineer,d004,Production
214427,Peer,Molberg,1965-01-29,Engineer,d004,Production
235780,Sampalli,Bergere,1965-01-17,Senior Engineer,d004,Production
229391,Paloma,Henseler,1965-01-15,Senior Engineer,d004,Production
214789,Arfst,Chepyzhov,1965-01-28,Senior Engineer,d004,Production
43848,Phillip,Oxenboll,1965-01-11,Engineer,d004,Production
214995,Dinkar,Hoppenstand,1965-01-12,Engineer,d004,Production
226227,Herbert,Erva,1965-01-07,Senior Engineer,d004,Production
229386,Pohua,Tasistro,1965-01-03,Technique Leader,d004,Production
408019,Shridhar,Chleq,1965-01-01,Engineer,d004,Production
235368,Anneli,Joslin,1965-01-09,Senior Engineer,d004,Production
234739,Foong,Aamodt,1965-01-31,Senior Engineer,d004,Production
494088,Phule,Dahlbom,1965-01-10,Senior Engineer,d004,Production
409391,Willard,Verspoor,1965-01-06,Engineer,d004,Production
20129,Rafael,Skafidas,1965-01-10,Senior Engineer,d004,Production
216573,Ashish,Vidya,1965-01-29,Senior Engineer,d004,Production
422783,Jagoda,Uhrig,1965-01-18,Engineer,d004,Production
421755,Shichao,Thiria,1965-01-03,Senior Engineer,d004,Production
409798,Dekang,Tsunoo,1965-01-15,Technique Leader,d004,Production
472950,Weidon,Fordan,1965-01-29,Senior Engineer,d004,Production
471939,Kazuhiko,Marshall,1965-01-27,Staff,d004,Production
233759,Zissis,Lodder,1965-01-14,Engineer,d004,Production
50293,Xinan,Rindone,1965-01-26,Engineer,d004,Production
44959,Volkmar,Uhrik,1965-01-21,Senior Engineer,d004,Production
217551,Panayotis,Lukaszewicz,1965-01-02,Engineer,d004,Production
24571,Cordelia,Gischer,1965-01-20,Senior Engineer,d004,Production
490557,Luise,Vigier,1965-01-27,Engineer,d004,Production
59966,Steen,Salvesen,1965-01-28,Technique Leader,d004,Production
58454,Ziya,Zambonelli,1965-01-25,Engineer,d004,Production
465874,Herb,Picht,1965-01-12,Engineer,d004,Production
275881,Jiann,Munro,1965-01-08,Senior Engineer,d004,Production
60559,Jeanna,Stemann,1965-01-19,Engineer,d004,Production
472238,Jungsoon,Gubsky,1965-01-31,Senior Engineer,d004,Production
60845,Bedir,Siegrist,1965-01-14,Engineer,d004,Production
20313,Candida,Benveniste,1965-01-24,Engineer,d004,Production
275994,Uma,Prampolini,1965-01-29,Senior Engineer,d004,Production
490720,Younwoo,Samarati,1965-01-19,Senior Engineer,d004,Production
272860,Minghong,Candan,1965-02-01,Assistant Engineer,d004,Production
61377,Dannz,Ohori,1965-01-01,Senior Staff,d004,Production
14476,Sastry,Marrevee,1965-01-19,Engineer,d004,Production
229220,Fabrizio,Lichtman,1965-01-21,Engineer,d004,Production
62033,Heeju,Cappelli,1965-01-24,Engineer,d004,Production
62046,Karlis,Nanard,1965-01-31,Senior Engineer,d004,Production
491596,Charmane,Pargas,1965-01-21,Senior Engineer,d004,Production
63294,Tetsushi,Tanemo,1965-01-23,Engineer,d004,Production
63419,Hiroyasu,Seuren,1965-01-14,Senior Engineer,d004,Production
218831,Unal,DuBourdieux,1965-01-16,Engineer,d004,Production
272316,Surveyors,Muhling,1965-01-05,Engineer,d004,Production
63631,Falguni,Cherinka,1965-01-22,Senior Engineer,d004,Production
56847,Menkae,Chinin,1965-01-14,Senior Engineer,d004,Production
271219,Odoardo,Tyugu,1965-01-16,Engineer,d004,Production
465076,Tokuyasu,Ghelli,1965-01-19,Senior Engineer,d004,Production
465062,Stafford,Gist,1965-01-29,Senior Engineer,d004,Production
64532,Atilio,Segond,1965-01-23,Senior Engineer,d004,Production
49177,Tze,Bach,1965-01-03,Engineer,d004,Production
27620,Shuji,Kandlur,1965-01-25,Senior Engineer,d004,Production
463472,Jaber,Sethi,1965-01-11,Technique Leader,d004,Production
64984,Eldridge,Eldridge,1965-01-06,Senior Engineer,d004,Production
65171,Jeane,Tasistro,1965-01-25,Technique Leader,d004,Production
271106,Taisook,Kampfer,1965-01-10,Engineer,d004,Production
463212,Ramya,Rossi,1965-01-09,Senior Engineer,d004,Production
276445,Atilio,Randi,1965-01-27,Engineer,d004,Production
66382,Domenico,Candan,1965-01-04,Engineer,d004,Production
268191,LiMin,Teitelbaum,1965-01-07,Engineer,d004,Production
66643,Jianhao,Tomescu,1965-01-18,Engineer,d004,Production
27699,Falguni,Pezzoli,1965-01-15,Engineer,d004,Production
56829,Nagui,Gruenwald,1965-01-09,Engineer,d004,Production
488619,Georgy,Bennis,1965-01-25,Engineer,d004,Production
277420,Rayond,Schach,1965-01-16,Senior Engineer,d004,Production
493744,Leni,Kropatsch,1965-01-14,Senior Engineer,d004,Production
67934,Aiman,Gargeya,1965-01-07,Senior Engineer,d004,Production
68416,Munenori,Debuse,1965-01-27,Senior Engineer,d004,Production
68608,Yucai,Seghrouchni,1965-01-26,Senior Engineer,d004,Production
68633,Chinhyun,Rassart,1965-01-28,Senior Engineer,d004,Production
15050,Nikolaos,Kruskal,1965-01-18,Senior Engineer,d004,Production
410433,Kazuhisa,Riesenhuber,1965-01-19,Senior Engineer,d004,Production
267227,Susuma,Tagansky,1965-01-10,Senior Engineer,d004,Production
458790,Ramya,Azadmanesh,1965-01-17,Senior Engineer,d004,Production
279280,Niranjan,Debuse,1965-01-09,Engineer,d004,Production
69936,Lalit,Unni,1965-01-23,Assistant Engineer,d004,Production
216375,Byong,Gustavson,1965-01-16,Senior Engineer,d005,Development
10122,Ohad,Esposito,1965-01-19,Technique Leader,d005,Development
12408,Rasiah,Sudkamp,1965-01-10,Senior Engineer,d005,Development
14075,Denny,Tchuente,1965-01-03,Assistant Engineer,d005,Development
15413,Arvin,Rabejac,1965-01-17,Senior Engineer,d005,Development
17731,Gennady,Roison,1965-01-16,Assistant Engineer,d005,Development
18021,Adil,Matzke,1965-01-07,Engineer,d005,Development
18424,Filipp,Rousseau,1965-01-19,Senior Engineer,d005,Development
18810,Taiji,Jarecki,1965-01-09,Senior Engineer,d005,Development
19803,Ziva,Kowalchuk,1965-01-30,Senior Engineer,d005,Development
21188,Piyush,Danecki,1965-01-21,Engineer,d005,Development
21843,Karsten,Azadmanesh,1965-01-09,Senior Engineer,d005,Development
22451,Jasminko,Bresenham,1965-01-27,Staff,d005,Development
24080,Jaana,Perez,1965-01-26,Technique Leader,d005,Development
24205,Roddy,Rubsam,1965-01-25,Senior Engineer,d005,Development
26671,Jiakeng,Kalorkoti,1965-01-21,Senior Engineer,d005,Development
26788,Zongyan,Dalphin,1965-01-25,Senior Engineer,d005,Development
28193,Xinglin,Mitsuhashi,1965-01-29,Senior Engineer,d005,Development
28974,Chenxi,Sundgren,1965-01-09,Senior Engineer,d005,Development
29679,Kolar,Steenbeek,1965-01-17,Senior Engineer,d005,Development
30154,Mayuko,Skafidas,1965-01-26,Technique Leader,d005,Development
30182,Leon,Potthoff,1965-01-26,Engineer,d005,Development
30465,Randi,Avouris,1965-01-28,Engineer,d005,Development
30695,Gudjon,Majewski,1965-01-08,Senior Engineer,d005,Development
31514,Harngdar,Schapire,1965-01-13,Senior Engineer,d005,Development
32552,Atreye,Stanger,1965-01-17,Engineer,d005,Development
32844,Tadahiko,Melton,1965-01-23,Engineer,d005,Development
33722,Anwar,Collette,1965-01-15,Senior Engineer,d005,Development
34446,Chinhyun,Bauknecht,1965-01-31,Senior Engineer,d005,Development
35441,Chandrasekaran,Peek,1965-01-31,Senior Engineer,d005,Development
35798,Ulf,Oberman,1965-01-29,Senior Engineer,d005,Development
37945,Suzette,Butterworth,1965-01-02,Senior Engineer,d005,Development
38043,Michaela,Randi,1965-01-05,Senior Engineer,d005,Development
40283,Sudhanshu,Boissier,1965-01-07,Engineer,d005,Development
40536,Harngdar,Bernardinello,1965-01-20,Senior Engineer,d005,Development
40983,Marla,Cherinka,1965-01-17,Technique Leader,d005,Development
41357,Willard,Vernadat,1965-01-06,Engineer,d005,Development
41520,Xiong,Uhrik,1965-01-20,Senior Engineer,d005,Development
44054,Alenka,Ritcey,1965-01-18,Engineer,d005,Development
44265,Maria,Eppinger,1965-01-24,Engineer,d005,Development
44540,Mingzeng,Sadowski,1965-01-16,Senior Engineer,d005,Development
44962,Sariel,Wynblatt,1965-01-16,Assistant Engineer,d005,Development
45162,Dulce,Speel,1965-01-11,Senior Engineer,d005,Development
46943,Pasqua,Maraist,1965-01-31,Engineer,d005,Development
47139,Marco,Usdin,1965-01-25,Engineer,d005,Development
47262,Gonzalo,Binkley,1965-01-10,Senior Engineer,d005,Development
47515,Naraig,Jenevein,1965-01-26,Senior Engineer,d005,Development
49017,Filipp,Flanders,1965-01-07,Engineer,d005,Development
51060,Youngkon,Rohrbach,1965-01-15,Senior Engineer,d005,Development
51142,Rosine,Lakshmanan,1965-01-29,Senior Engineer,d005,Development
52040,Phule,Heijenga,1965-01-14,Staff,d005,Development
52590,Jouni,Munoz,1965-01-21,Staff,d005,Development
53597,Jiafu,Marchegay,1965-01-30,Senior Engineer,d005,Development
54198,Shaowen,Segond,1965-01-01,Engineer,d005,Development
55687,Shih,Lindqvist,1965-01-02,Senior Engineer,d005,Development
56105,Makato,Remmers,1965-01-11,Senior Engineer,d005,Development
56682,Roded,Picco,1965-01-28,Assistant Engineer,d005,Development
57934,Sanjoy,Boudaillier,1965-01-25,Senior Engineer,d005,Development
58384,Mariusz,Vural,1965-01-22,Engineer,d005,Development
58990,Palash,Trelles,1965-01-04,Engineer,d005,Development
59195,Ronnie,Pollock,1965-01-08,Technique Leader,d005,Development
60000,Heekeun,Emmart,1965-01-16,Engineer,d005,Development
61253,Cheong,Uhrik,1965-01-09,Engineer,d005,Development
61541,Kasidit,Papsdorf,1965-01-08,Senior Engineer,d005,Development
62245,Adel,Bressoud,1965-01-01,Engineer,d005,Development
63706,Sedat,Itzigehl,1965-01-26,Engineer,d005,Development
64023,Laurentiu,Benzmuller,1965-01-11,Senior Engineer,d005,Development
64790,Shin,Piveteau,1965-01-29,Engineer,d005,Development
65539,Aksel,Picaronny,1965-01-23,Senior Engineer,d005,Development
66702,Deniz,Thibadeau,1965-02-01,Engineer,d005,Development
66807,Aiman,Rosaz,1965-01-21,Senior Engineer,d005,Development
68648,Jaques,DiGiano,1965-01-25,Technique Leader,d005,Development
69878,Chinya,Cooke,1965-01-24,Engineer,d005,Development
71334,Cathie,Peck,1965-01-15,Senior Engineer,d005,Development
71710,Hitomi,Takanami,1965-01-31,Assistant Engineer,d005,Development
71745,Adil,Laventhal,1965-01-02,Assistant Engineer,d005,Development
72190,Sajjad,Waeselynck,1965-01-19,Engineer,d005,Development
73076,Froduald,Feldhoffer,1965-01-22,Senior Engineer,d005,Development
74344,Hiroyasu,Provine,1965-02-01,Engineer,d005,Development
75354,Shuky,Jakobus,1965-01-11,Senior Engineer,d005,Development
75703,Kyoichi,Erman,1965-01-08,Senior Engineer,d005,Development
76201,Arif,Preusig,1965-01-10,Senior Engineer,d005,Development
77030,Faiza,Garnham,1965-01-02,Technique Leader,d005,Development
77815,Ronghao,Picaronny,1965-01-21,Engineer,d005,Development
78871,Conor,Ghandeharizadeh,1965-01-15,Senior Engineer,d005,Development
79606,Arnd,Peir,1965-01-03,Senior Engineer,d005,Development
80889,Shigeo,Linnainmaa,1965-01-07,Senior Engineer,d005,Development
80948,Harjit,Bardell,1965-01-27,Engineer,d005,Development
81105,Jaewon,Boissier,1965-01-14,Senior Engineer,d005,Development
81545,Larisa,Kornyak,1965-01-13,Technique Leader,d005,Development
81995,Sreekrishna,Brender,1965-01-10,Senior Engineer,d005,Development
82511,Uwe,Koblick,1965-01-27,Engineer,d005,Development
82919,Shigeu,Claffy,1965-01-05,Engineer,d005,Development
82928,Alselm,Rikino,1965-01-27,Senior Engineer,d005,Development
83289,Shigeichiro,Engelmann,1965-01-09,Senior Engineer,d005,Development
83509,Breannda,Collavizza,1965-01-04,Senior Engineer,d005,Development
83805,Manohar,Harllee,1965-01-23,Senior Engineer,d005,Development
84315,Kristina,Baumann,1965-01-23,Assistant Engineer,d005,Development
84451,Shiv,Aumann,1965-01-20,Senior Engineer,d005,Development
84508,Tommaso,Vidya,1965-01-17,Engineer,d005,Development
84922,Parke,Unno,1965-01-22,Engineer,d005,Development
86354,Ronghao,Segond,1965-01-27,Senior Engineer,d005,Development
87353,Quingbo,Coombs,1965-01-07,Senior Engineer,d005,Development
87783,Conor,Thorensen,1965-01-26,Senior Engineer,d005,Development
88411,Lena,Cannane,1965-01-31,Engineer,d005,Development
88647,Vasiliy,Ratnaker,1965-01-10,Engineer,d005,Development
88965,Mang,Hedayat,1965-01-20,Engineer,d005,Development
89048,Otmar,Birjandi,1965-01-24,Senior Engineer,d005,Development
89346,Mansur,Comyn,1965-01-13,Engineer,d005,Development
90077,Vivian,Guerreiro,1965-01-24,Engineer,d005,Development
91182,Lucien,Schwartzburd,1965-01-04,Engineer,d005,Development
92920,Huei,Hutter,1965-01-20,Senior Engineer,d005,Development
93040,Jaques,Kabayashi,1965-01-19,Senior Engineer,d005,Development
94761,Hitofumi,Zaccaria,1965-01-27,Senior Engineer,d005,Development
94944,Heping,Matheson,1965-01-13,Engineer,d005,Development
95286,Kristin,Guerreiro,1965-01-18,Senior Engineer,d005,Development
95406,Alair,Lyonns,1965-01-08,Engineer,d005,Development
95416,Gianluca,Ramaiah,1965-01-13,Engineer,d005,Development
99377,Carrsten,Francisci,1965-01-18,Senior Engineer,d005,Development
100916,Heejo,Aamodt,1965-01-18,Senior Engineer,d005,Development
103316,Susanne,Peternell,1965-01-03,Senior Engineer,d005,Development
103756,Heping,Halloran,1965-01-31,Engineer,d005,Development
104988,Parviz,Litzler,1965-01-07,Senior Engineer,d005,Development
105356,Diederik,Matzov,1965-01-29,Engineer,d005,Development
105432,Mohamadou,Stafford,1965-01-08,Senior Engineer,d005,Development
105731,Sachem,Cromarty,1965-01-15,Assistant Engineer,d005,Development
106695,Lijie,Garrabrants,1965-01-31,Staff,d005,Development
107486,Siamak,Luiz,1965-01-23,Senior Engineer,d005,Development
107737,Fabrizio,Chleq,1965-01-23,Senior Engineer,d005,Development
109062,Jamaludin,Kandlur,1965-02-01,Senior Engineer,d005,Development
109211,Gor,Delgrande,1965-01-11,Senior Engineer,d005,Development
109552,Menkae,Etalle,1965-01-31,Engineer,d005,Development
200363,Kirk,Quaggetto,1965-01-10,Engineer,d005,Development
201739,Genta,Terekhov,1965-01-16,Assistant Engineer,d005,Development
201801,Waiman,Genin,1965-01-12,Senior Engineer,d005,Development
202826,Kerhong,Matzke,1965-01-19,Engineer,d005,Development
202882,Isaac,Koshino,1965-01-25,Senior Engineer,d005,Development
203495,Zongyan,Gips,1965-01-02,Technique Leader,d005,Development
203599,Ewing,DiGiano,1965-01-21,Technique Leader,d005,Development
204425,Gretta,Huttel,1965-01-03,Senior Engineer,d005,Development
204471,Franziska,Maginnis,1965-01-27,Engineer,d005,Development
204764,Susanne,Mandelberg,1965-01-22,Senior Engineer,d005,Development
205085,Moni,Kornyak,1965-01-23,Technique Leader,d005,Development
205500,Mary,Setiz,1965-01-04,Senior Engineer,d005,Development
206966,Tzu,Sichman,1965-01-21,Engineer,d005,Development
207204,Kellie,Schrooten,1965-01-25,Engineer,d005,Development
207551,Baziley,Falck,1965-01-15,Assistant Engineer,d005,Development
208147,Manu,Rothenberg,1965-01-09,Senior Engineer,d005,Development
208653,Phillip,Schade,1965-01-23,Senior Engineer,d005,Development
209712,Nimmagadda,Baak,1965-01-17,Assistant Engineer,d005,Development
211879,Gao,Ranze,1965-01-12,Engineer,d005,Development
211967,Anwar,Bain,1965-01-07,Senior Engineer,d005,Development
213016,Yongmao,Fontan,1965-01-22,Senior Engineer,d005,Development
213384,Pranas,Narwekar,1965-01-04,Senior Engineer,d005,Development
214539,Ingmar,Kohling,1965-01-27,Engineer,d005,Development
214634,Shirish,Vickson,1965-01-12,Senior Engineer,d005,Development
214866,Gopalakrishnan,Angel,1965-02-01,Senior Engineer,d005,Development
216342,Aiichiro,Cromarty,1965-01-22,Senior Engineer,d005,Development
216502,Xiaocheng,Suermann,1965-01-26,Engineer,d005,Development
217080,Masami,Puoti,1965-01-12,Senior Engineer,d005,Development
217286,Yannik,Spelt,1965-01-05,Technique Leader,d005,Development
217387,Jianhao,Molenaar,1965-01-21,Senior Engineer,d005,Development
218022,Mokhtar,Poupard,1965-01-26,Technique Leader,d005,Development
219047,Aemilian,Kusalik,1965-01-30,Senior Engineer,d005,Development
219497,Moie,Zastre,1965-01-22,Technique Leader,d005,Development
220029,Demos,Asser,1965-01-17,Senior Engineer,d005,Development
220131,Reinhard,Slaats,1965-01-09,Senior Engineer,d005,Development
220799,Perla,Orlowska,1965-01-17,Senior Engineer,d005,Development
221126,Tesuya,dAstous,1965-01-23,Senior Engineer,d005,Development
222311,Miyeon,Billingsley,1965-01-20,Senior Engineer,d005,Development
222319,Matt,Chvatal,1965-01-20,Senior Engineer,d005,Development
222354,Valdiodio,Schlumberger,1965-01-15,Engineer,d005,Development
222770,Kazuhiko,Kushner,1965-01-22,Senior Engineer,d005,Development
222926,Limsoon,Erol,1965-01-10,Senior Engineer,d005,Development
224135,Annemarie,Bressoud,1965-01-02,Engineer,d005,Development
224335,Perry,Chachaty,1965-01-29,Senior Engineer,d005,Development
225601,Masasuke,Genin,1965-01-13,Assistant Engineer,d005,Development
225788,Ipke,Kieras,1965-01-08,Engineer,d005,Development
227354,Gio,Murtha,1965-01-12,Senior Engineer,d005,Development
227476,Macha,Schnabel,1965-01-11,Engineer,d005,Development
229727,Ewing,Millington,1965-01-23,Engineer,d005,Development
230002,Tadahiro,Backhouse,1965-01-07,Engineer,d005,Development
231798,Goetz,Alvarado,1965-01-28,Senior Engineer,d005,Development
233114,Alselm,Gargeya,1965-01-20,Senior Engineer,d005,Development
233394,Khalid,Lenart,1965-01-06,Engineer,d005,Development
233426,Etsuo,Usery,1965-01-12,Senior Engineer,d005,Development
233690,Cedric,Riefers,1965-01-17,Engineer,d005,Development
233765,Kotesh,Chachaty,1965-01-20,Engineer,d005,Development
233818,Kellie,Heydon,1965-01-01,Senior Engineer,d005,Development
235325,Gro,Prochazka,1965-01-06,Engineer,d005,Development
236315,IEEE,Raczkowsky,1965-01-31,Technique Leader,d005,Development
236827,Almudena,Rijckaert,1965-01-28,Engineer,d005,Development
239426,Vesna,Fairtlough,1965-01-08,Engineer,d005,Development
241100,Cedric,Molenaar,1965-01-23,Senior Engineer,d005,Development
241254,Jagoda,Anguita,1965-01-15,Senior Engineer,d005,Development
241567,Emran,Miara,1965-01-18,Senior Engineer,d005,Development
241872,Bluma,Fetvedt,1965-01-11,Staff,d005,Development
242800,Kazuyasu,Levergood,1965-01-11,Engineer,d005,Development
244820,Shigenori,Hertweck,1965-01-15,Senior Engineer,d005,Development
246364,Alper,Tiemann,1965-01-06,Engineer,d005,Development
247612,Chiranjit,Constantine,1965-01-04,Engineer,d005,Development
249239,Hideyuki,Decleir,1965-01-21,Senior Engineer,d005,Development
249504,Dmitry,Velardi,1965-01-07,Senior Engineer,d005,Development
249799,Jolita,Neimat,1965-01-04,Engineer,d005,Development
250452,Alexius,Plavsic,1965-01-14,Senior Engineer,d005,Development
250748,Kish,Turnbull,1965-01-27,Senior Engineer,d005,Development
251403,Utpal,DuBourdieux,1965-01-01,Technique Leader,d005,Development
251437,Shichao,Iwayama,1965-01-20,Engineer,d005,Development
251680,Moty,Sommen,1965-01-05,Senior Engineer,d005,Development
252316,Gill,Niizuma,1965-01-07,Senior Engineer,d005,Development
255657,Oldrich,Cyre,1965-01-20,Senior Engineer,d005,Development
256881,Ioana,Jakobus,1965-01-03,Senior Engineer,d005,Development
257062,Stabislas,Pardalos,1965-01-24,Senior Engineer,d005,Development
258028,Mountaz,Reinhart,1965-01-07,Engineer,d005,Development
258643,Przemyslawa,Esposito,1965-01-11,Senior Engineer,d005,Development
259718,Stepehn,Bouloucos,1965-01-24,Senior Staff,d005,Development
260153,Mingdong,Baar,1965-01-28,Technique Leader,d005,Development
260501,Dzung,Pargas,1965-01-14,Technique Leader,d005,Development
261631,Jianhua,Huttel,1965-01-08,Engineer,d005,Development
261986,Gila,Ramsak,1965-01-21,Senior Engineer,d005,Development
262210,Chinho,Bottner,1965-01-22,Assistant Engineer,d005,Development
262752,Pramod,Bierman,1965-01-04,Engineer,d005,Development
263186,Danny,Lowrie,1965-01-22,Technique Leader,d005,Development
263439,Atreye,Kabayashi,1965-01-09,Senior Engineer,d005,Development
263645,Mingsen,Lally,1965-01-19,Senior Engineer,d005,Development
264167,Baoqiu,Tomescu,1965-01-25,Senior Engineer,d005,Development
268043,Narain,Mikschl,1965-01-28,Engineer,d005,Development
272141,Tsutomu,Neiman,1965-01-13,Staff,d005,Development
272452,Mitsuyuki,Isard,1965-01-10,Engineer,d005,Development
273159,Divine,Hofmeyr,1965-01-26,Technique Leader,d005,Development
273286,Brigham,Asmuth,1965-01-26,Engineer,d005,Development
273396,Wayne,Baba,1965-01-10,Engineer,d005,Development
275158,Satyanarayana,Brandsma,1965-01-07,Engineer,d005,Development
275263,Vojin,Laventhal,1965-01-21,Engineer,d005,Development
275444,Limsoon,Leppanen,1965-01-16,Senior Engineer,d005,Development
276472,Hideyuki,Flanders,1965-01-27,Senior Engineer,d005,Development
277777,Herbert,Itzigehl,1965-01-27,Senior Engineer,d005,Development
277829,Michaela,Fandrianto,1965-01-22,Senior Engineer,d005,Development
278953,Jeanna,Ghandeharizadeh,1965-01-26,Senior Engineer,d005,Development
279115,Maren,DuCasse,1965-01-05,Engineer,d005,Development
279791,Chiranjit,Lyonns,1965-01-10,Engineer,d005,Development
281570,Zijian,Covnot,1965-01-08,Assistant Engineer,d005,Development
281848,Parke,Staylopatis,1965-01-29,Senior Engineer,d005,Development
282191,Alper,Shinomoto,1965-01-16,Engineer,d005,Development
282547,Nahum,Codenie,1965-01-18,Engineer,d005,Development
282894,Fay,Bellmore,1965-01-05,Engineer,d005,Development
284687,Oksana,Redmiles,1965-01-15,Senior Engineer,d005,Development
284691,Theron,Ressouche,1965-01-04,Engineer,d005,Development
284711,Martijn,Azevdeo,1965-01-21,Senior Engineer,d005,Development
284717,Gal,Ranta,1965-01-11,Senior Engineer,d005,Development
285396,Lena,Kohling,1965-01-27,Senior Engineer,d005,Development
285906,Arnould,Buescher,1965-01-02,Engineer,d005,Development
286452,Behnaam,Bierbaum,1965-01-26,Engineer,d005,Development
286986,Woody,Trelles,1965-01-01,Senior Engineer,d005,Development
287609,Sailaja,Negoita,1965-01-06,Senior Engineer,d005,Development
287808,Vidar,Ozeki,1965-01-09,Technique Leader,d005,Development
287984,Troy,Kobuchi,1965-01-09,Engineer,d005,Development
288028,Kauko,Narwekar,1965-01-22,Senior Engineer,d005,Development
288665,Horward,Khasidashvili,1965-01-31,Senior Engineer,d005,Development
288893,Bedrich,Rosenbaum,1965-01-30,Senior Engineer,d005,Development
289454,Bowen,Narwekar,1965-01-20,Senior Engineer,d005,Development
290284,Kwangjo,Menhardt,1965-01-08,Engineer,d005,Development
290769,Lalit,Blokdijk,1965-01-26,Senior Engineer,d005,Development
291352,Danai,Trelles,1965-01-07,Technique Leader,d005,Development
291612,Siamak,Gomatam,1965-01-30,Engineer,d005,Development
291669,Faiza,Bach,1965-01-04,Engineer,d005,Development
292110,Menkae,Showalter,1965-01-23,Engineer,d005,Development
292146,Khatoun,Pulkowski,1965-01-09,Engineer,d005,Development
292210,Masaru,Huhdanpaa,1965-01-17,Engineer,d005,Development
292515,Bernd,Thummel,1965-01-04,Assistant Engineer,d005,Development
293280,Moti,Steenbeek,1965-01-24,Senior Engineer,d005,Development
293329,Fumiya,Griswold,1965-01-15,Engineer,d005,Development
293746,Sanjay,Litecky,1965-01-25,Engineer,d005,Development
294461,Siddarth,Rosiles,1965-01-14,Senior Engineer,d005,Development
294652,Hironobu,Brodie,1965-01-27,Engineer,d005,Development
294791,Vesna,Lammel,1965-01-28,Assistant Engineer,d005,Development
294857,Caolyn,Ozeri,1965-01-15,Senior Engineer,d005,Development
295236,Kauko,Fujisawa,1965-01-24,Senior Engineer,d005,Development
295278,Val,Barvinok,1965-01-04,Senior Engineer,d005,Development
296303,Mariangiola,Heyers,1965-01-28,Technique Leader,d005,Development
297905,Marc,Bahl,1965-01-12,Assistant Engineer,d005,Development
298339,King,Benzmuller,1965-01-11,Engineer,d005,Development
400046,Hilari,Christ,1965-01-12,Senior Staff,d005,Development
400358,Angus,Jullig,1965-01-31,Senior Engineer,d005,Development
400780,Poornachandra,Asser,1965-01-09,Engineer,d005,Development
400796,Bodo,Halevi,1965-01-10,Engineer,d005,Development
402102,Kersti,Granlund,1965-01-21,Engineer,d005,Development
402718,Jeanna,Rettelbach,1965-01-17,Senior Engineer,d005,Development
403010,Toshimitsu,Sluis,1965-01-16,Senior Engineer,d005,Development
403954,Jeanna,Bratten,1965-01-10,Engineer,d005,Development
404018,Valery,Babb,1965-01-11,Senior Engineer,d005,Development
404236,Zengping,Kakkar,1965-01-12,Senior Engineer,d005,Development
404462,Anestis,Setlzner,1965-01-09,Engineer,d005,Development
404788,Basem,Beausoleil,1965-01-16,Engineer,d005,Development
406239,Marek,Tomescu,1965-01-09,Senior Engineer,d005,Development
406564,Parviz,Picco,1965-01-25,Engineer,d005,Development
408114,Geoffrey,Ladret,1965-01-05,Engineer,d005,Development
408163,Irene,Sethi,1965-01-21,Senior Engineer,d005,Development
408953,Jolita,Claffy,1965-01-26,Senior Engineer,d005,Development
409898,Divier,Ishibashi,1965-02-01,Senior Engineer,d005,Development
410372,Duri,Mitina,1965-01-08,Senior Engineer,d005,Development
410616,Gudjon,Kalorkoti,1965-01-18,Senior Engineer,d005,Development
411070,Otmar,Brandsma,1965-01-29,Senior Engineer,d005,Development
412757,Leen,Peak,1965-01-03,Engineer,d005,Development
413729,Harjit,Ernst,1965-01-02,Technique Leader,d005,Development
414091,Wuxu,Kuhnemann,1965-01-17,Engineer,d005,Development
414551,Elliott,Copas,1965-01-22,Engineer,d005,Development
414662,Ipke,Schneeberger,1965-01-21,Engineer,d005,Development
414814,Dayanand,Wielonsky,1965-01-28,Staff,d005,Development
415563,Mrinalini,Bierbaum,1965-01-21,Senior Engineer,d005,Development
416074,Alain,Lieberherr,1965-01-08,Senior Engineer,d005,Development
416383,Nectarios,Itschner,1965-01-29,Senior Engineer,d005,Development
416492,Kannan,Meriste,1965-01-15,Senior Engineer,d005,Development
416660,Nathalie,Luke,1965-01-28,Engineer,d005,Development
420086,Susuma,Kitsuregawa,1965-01-27,Senior Engineer,d005,Development
421312,Mariangiola,Bashian,1965-01-13,Engineer,d005,Development
422146,Kenton,Miara,1965-01-08,Engineer,d005,Development
423208,Joydip,Krone,1965-01-19,Engineer,d005,Development
423633,Mariusz,Tokunaga,1965-01-30,Senior Engineer,d005,Development
423993,Seshu,Kolvik,1965-01-01,Technique Leader,d005,Development
424569,Danco,Luff,1965-01-14,Engineer,d005,Development
424584,Kagan,Dredge,1965-02-01,Engineer,d005,Development
424984,Vasilis,Waleschkowski,1965-01-11,Engineer,d005,Development
425437,Moni,Staudhammer,1965-01-03,Engineer,d005,Development
425830,Guther,Conia,1965-01-30,Engineer,d005,Development
426228,Supot,Badache,1965-01-17,Engineer,d005,Development
427320,Mamdouh,Ramamoorthy,1965-01-13,Senior Engineer,d005,Development
427571,Torsten,Ranta,1965-01-20,Senior Engineer,d005,Development
428917,Theron,Billawala,1965-01-23,Engineer,d005,Development
429249,Alassane,Wolniewicz,1965-01-28,Senior Engineer,d005,Development
429481,Subhada,Emmerich,1965-01-09,Engineer,d005,Development
429569,Fumiya,Chappelet,1965-01-03,Engineer,d005,Development
430054,Erzsebet,Setiz,1965-01-22,Engineer,d005,Development
430631,Kersti,Marsiglia,1965-01-17,Engineer,d005,Development
431657,Visit,Thiran,1965-01-31,Senior Engineer,d005,Development
431882,Hideo,Varman,1965-01-21,Engineer,d005,Development
431887,Poorav,Ranst,1965-01-05,Senior Engineer,d005,Development
432261,Arve,Bergere,1965-01-30,Engineer,d005,Development
432523,Takahiro,Maquelin,1965-01-21,Engineer,d005,Development
432665,Flemming,Driscoll,1965-01-02,Engineer,d005,Development
432787,Toshiko,Ibel,1965-01-16,Senior Engineer,d005,Development
434936,Sahrah,Rosis,1965-01-15,Engineer,d005,Development
436558,Subir,Greibach,1965-01-08,Senior Engineer,d005,Development
437870,Kerhong,Lorho,1965-01-07,Staff,d005,Development
438557,Lidong,Swist,1965-01-30,Engineer,d005,Development
439377,Mari,Plessier,1965-01-28,Senior Engineer,d005,Development
440435,Sandeepan,Rosti,1965-01-03,Senior Engineer,d005,Development
442653,Mona,Hebden,1965-01-04,Engineer,d005,Development
444487,Udi,Rullman,1965-01-03,Senior Engineer,d005,Development
445570,Van,Nations,1965-01-25,Technique Leader,d005,Development
446424,DAIDA,Nooteboom,1965-01-16,Senior Engineer,d005,Development
446959,Aram,Passino,1965-01-29,Senior Engineer,d005,Development
447613,Paris,Restivo,1965-01-15,Senior Engineer,d005,Development
447999,Shiv,Vilarrasa,1965-01-05,Engineer,d005,Development
449984,Hinrich,Perin,1965-02-01,Senior Engineer,d005,Development
450184,Selwyn,Henseler,1965-01-11,Senior Engineer,d005,Development
450255,Udo,Waymire,1965-01-31,Technique Leader,d005,Development
451272,Jacopo,Krohm,1965-01-02,Engineer,d005,Development
452325,Taiji,Berstel,1965-01-14,Senior Engineer,d005,Development
452365,Fei,Gadepally,1965-01-05,Assistant Engineer,d005,Development
453790,Fai,Keirsey,1965-01-11,Engineer,d005,Development
454736,Nechama,Ermel,1965-01-24,Engineer,d005,Development
455914,Peer,Angelopoulos,1965-01-01,Senior Engineer,d005,Development
456982,Shounak,Dratva,1965-01-07,Engineer,d005,Development
457411,Xudong,Peck,1965-01-13,Senior Engineer,d005,Development
457611,Indrajit,Krogh,1965-01-09,Engineer,d005,Development
457832,Jackson,Zielinski,1965-02-01,Senior Engineer,d005,Development
458383,Mabhin,Foote,1965-01-06,Engineer,d005,Development
459172,Val,Rissanen,1965-01-19,Engineer,d005,Development
459356,Pramod,Wendorf,1965-01-21,Engineer,d005,Development
460707,Yoshinari,Lanteri,1965-01-07,Senior Engineer,d005,Development
461120,Shietung,Gelosh,1965-01-18,Senior Engineer,d005,Development
465711,Lakshmi,Frijda,1965-01-06,Engineer,d005,Development
466509,Bezalel,Verhoeff,1965-01-26,Engineer,d005,Development
467269,Nahum,Lambe,1965-01-18,Technique Leader,d005,Development
468360,Huei,Saoudi,1965-01-12,Technique Leader,d005,Development
468659,Ranga,Lemarechal,1965-01-18,Engineer,d005,Development
469253,Baruch,Basawa,1965-01-17,Engineer,d005,Development
469735,Arif,Stranks,1965-01-30,Senior Engineer,d005,Development
470472,Zhiguo,Staudhammer,1965-02-01,Engineer,d005,Development
471397,Nigel,Zirintsis,1965-02-01,Engineer,d005,Development
471532,Feiyu,Decleir,1965-01-17,Technique Leader,d005,Development
472052,Godehard,Chinal,1965-01-26,Assistant Engineer,d005,Development
472790,Zhenbing,Ibel,1965-01-23,Senior Engineer,d005,Development
474763,Mayuko,Clouatre,1965-01-07,Engineer,d005,Development
475938,Shigeaki,Lanteri,1965-01-14,Senior Engineer,d005,Development
475965,Rimon,Pietracaprina,1965-01-02,Senior Engineer,d005,Development
476361,Doohun,Preusig,1965-01-09,Technique Leader,d005,Development
477578,Marit,Paludetto,1965-01-23,Engineer,d005,Development
477969,Bluma,Mundy,1965-01-18,Engineer,d005,Development
478170,Doowon,Schoegge,1965-01-22,Engineer,d005,Development
478218,Djenana,Erol,1965-01-02,Engineer,d005,Development
478439,Yuichiro,Bale,1965-01-15,Technique Leader,d005,Development
480035,Sukumar,Georg,1965-01-26,Senior Staff,d005,Development
480268,Gaurav,Cheshire,1965-01-18,Technique Leader,d005,Development
480407,Deniz,Bennis,1965-01-01,Engineer,d005,Development
481790,Haldun,Erie,1965-01-22,Senior Engineer,d005,Development
482335,Kwangyoen,Peck,1965-01-26,Engineer,d005,Development
484756,Phule,Ruemmler,1965-01-16,Senior Engineer,d005,Development
485489,Keiichiro,Armand,1965-01-01,Senior Engineer,d005,Development
485577,Rafael,Menhoudj,1965-01-30,Senior Engineer,d005,Development
485579,Munehiro,Iwayama,1965-01-18,Engineer,d005,Development
486958,Tonny,Kropf,1965-01-06,Engineer,d005,Development
488482,Kensyu,Tsunoo,1965-01-30,Engineer,d005,Development
488693,Jiong,Zultner,1965-01-27,Senior Engineer,d005,Development
489928,Satoru,Janetzko,1965-01-28,Assistant Engineer,d005,Development
490551,Lalit,Lindqvist,1965-01-01,Engineer,d005,Development
490568,Zita,Reistad,1965-01-01,Senior Engineer,d005,Development
491079,Kwangsub,Keirsey,1965-01-06,Senior Engineer,d005,Development
491162,Panayotis,Hempstead,1965-01-14,Senior Engineer,d005,Development
492217,Heekeun,Verhaegen,1965-01-16,Senior Engineer,d005,Development
492639,Sanjoy,Porenta,1965-01-30,Engineer,d005,Development
493096,Sachem,Msuda,1965-01-31,Engineer,d005,Development
497174,Sanjiv,Bressoud,1965-01-02,Engineer,d005,Development
498185,Caolyn,Marciano,1965-01-19,Senior Engineer,d005,Development
498845,Arumugam,Pelc,1965-01-09,Senior Engineer,d005,Development
499495,Baoqiu,Kakkar,1965-01-14,Engineer,d005,Development
254044,Gunilla,Brendel,1965-01-16,Senior Engineer,d006,Quality Management
226216,Giordano,Gini,1965-01-28,Technique Leader,d006,Quality Management
290478,Tsvetan,Sherertz,1965-01-03,Engineer,d006,Quality Management
50311,Mooi,Stafford,1965-01-24,Senior Engineer,d006,Quality Management
471911,Arun,Zaccaria,1965-01-14,Engineer,d006,Quality Management
299580,Luisa,Itzfeldt,1965-01-21,Engineer,d006,Quality Management
60875,Rildo,Masaki,1965-01-21,Engineer,d006,Quality Management
246146,Zhongwei,Melski,1965-01-30,Engineer,d006,Quality Management
459685,Hirochika,Goldhammer,1965-02-01,Engineer,d006,Quality Management
72232,Naraig,Veldwijk,1965-01-10,Senior Engineer,d006,Quality Management
72640,Honglan,Hutton,1965-01-24,Engineer,d006,Quality Management
225867,Ramalingam,Remmele,1965-01-26,Senior Engineer,d006,Quality Management
457337,Xumin,Beidas,1965-01-31,Technique Leader,d006,Quality Management
469529,Neven,Rikino,1965-01-07,Engineer,d006,Quality Management
287482,Shigeaki,Gihr,1965-01-01,Engineer,d006,Quality Management
76640,Tristan,Mitsuhashi,1965-01-02,Senior Engineer,d006,Quality Management
232723,Tesuya,Bugrara,1965-01-14,Engineer,d006,Quality Management
455284,Luisa,Baig,1965-01-09,Senior Engineer,d006,Quality Management
78363,Susumu,Fritzsche,1965-01-03,Engineer,d006,Quality Management
222616,Badri,Schapire,1965-02-01,Assistant Engineer,d006,Quality Management
221369,Abdulah,Pocchiola,1965-01-28,Engineer,d006,Quality Management
61873,Woody,Rusmann,1965-01-19,Assistant Engineer,d006,Quality Management
454338,Mohammed,Georg,1965-01-24,Engineer,d006,Quality Management
284954,Anneke,Hammerschmidt,1965-01-16,Engineer,d006,Quality Management
409805,Frazer,Candan,1965-01-15,Senior Engineer,d006,Quality Management
212361,Claudi,Stanfel,1965-01-16,Engineer,d006,Quality Management
284856,Moto,Kobara,1965-01-05,Engineer,d006,Quality Management
453688,Chinya,Leslie,1965-01-24,Engineer,d006,Quality Management
209101,Xinyu,Edelhoff,1965-01-05,Senior Engineer,d006,Quality Management
247888,Abdelghani,Lagarias,1965-01-15,Senior Engineer,d006,Quality Management
84942,Shin,Fujisaki,1965-01-15,Technique Leader,d006,Quality Management
486808,Geoffrey,Siochi,1965-01-05,Senior Engineer,d006,Quality Management
469366,Aiman,Wilfing,1965-01-12,Engineer,d006,Quality Management
64487,Tsutomu,Rebaine,1965-01-27,Engineer,d006,Quality Management
85702,Udi,Merks,1965-01-04,Engineer,d006,Quality Management
450817,DAIDA,Frolund,1965-01-10,Senior Engineer,d006,Quality Management
480066,Suebskul,Menhardt,1965-01-31,Engineer,d006,Quality Management
450309,Gill,Orlowska,1965-01-08,Technique Leader,d006,Quality Management
447877,Make,Heuser,1965-01-13,Engineer,d006,Quality Management
445950,Ebru,Valtorta,1965-01-23,Senior Engineer,d006,Quality Management
92454,Visit,McFarlan,1965-01-24,Senior Engineer,d006,Quality Management
445067,Eldridge,Kawashima,1965-01-28,Engineer,d006,Quality Management
468773,Baziley,Brookner,1965-01-27,Senior Engineer,d006,Quality Management
205863,Aiichiro,Kusalik,1965-01-06,Senior Engineer,d006,Quality Management
219035,Kristine,Bierman,1965-01-18,Technique Leader,d006,Quality Management
205018,Yahiko,Awdeh,1965-01-26,Engineer,d006,Quality Management
497391,Paris,Lieblein,1965-01-30,Engineer,d006,Quality Management
93220,Richara,Walston,1965-01-11,Senior Engineer,d006,Quality Management
429087,Hugh,Senzako,1965-01-27,Technique Leader,d006,Quality Management
284561,Duri,Beznosov,1965-01-03,Senior Engineer,d006,Quality Management
232209,Nitsan,Rouquie,1965-01-11,Senior Engineer,d006,Quality Management
103342,Beshir,Hellwagner,1965-01-03,Engineer,d006,Quality Management
281692,Khosrow,Sommen,1965-01-06,Senior Engineer,d006,Quality Management
462493,Paloma,Gerlach,1965-01-12,Engineer,d006,Quality Management
105342,Kwun,Reeker,1965-01-01,Technique Leader,d006,Quality Management
429520,Yongqiao,Francisci,1965-01-06,Engineer,d006,Quality Management
402025,Shigehito,Duclos,1965-01-20,Engineer,d006,Quality Management
252185,Chaosheng,Conta,1965-01-01,Assistant Engineer,d006,Quality Management
435791,Hercules,Speer,1965-01-07,Senior Engineer,d006,Quality Management
217320,Abdelwaheb,Denis,1965-01-10,Engineer,d006,Quality Management
42955,Yucel,Lortz,1965-01-12,Engineer,d006,Quality Management
38550,JoAnne,Baez,1965-01-14,Senior Engineer,d006,Quality Management
430558,Xiong,Roisin,1965-01-07,Senior Engineer,d006,Quality Management
433260,Make,Olivero,1965-02-01,Engineer,d006,Quality Management
253029,Thodoros,Thimonier,1965-01-13,Engineer,d006,Quality Management
292504,Georgi,Bednarek,1965-01-27,Senior Engineer,d006,Quality Management
278386,Caolyn,Poujol,1965-01-15,Technique Leader,d006,Quality Management
36982,Kotesh,Rajala,1965-01-22,Senior Engineer,d006,Quality Management
24377,Lubomir,Wroclawski,1965-01-25,Senior Engineer,d006,Quality Management
52778,Alain,Penn,1965-01-15,Technique Leader,d006,Quality Management
248256,Sajjan,Falby,1965-01-05,Staff,d007,Sales
47702,Juyoung,Vieri,1965-01-21,Staff,d007,Sales
234195,Luerbio,Terkki,1965-01-07,Staff,d007,Sales
233785,Baziley,Ballarin,1965-01-30,Staff,d007,Sales
233397,Fay,Sundgren,1965-01-16,Staff,d007,Sales
46834,Tooru,Daescu,1965-01-22,Senior Staff,d007,Sales
46328,Wuxu,Trogemann,1965-01-05,Senior Staff,d007,Sales
231069,Trygve,Siksek,1965-01-22,Staff,d007,Sales
230689,Dietrich,Crabtree,1965-01-14,Senior Staff,d007,Sales
413205,Mototsugu,Prampolini,1965-01-09,Senior Staff,d007,Sales
229547,Moni,Schach,1965-01-03,Staff,d007,Sales
22415,Perla,Jumpertz,1965-01-20,Senior Staff,d007,Sales
228554,Bilhanan,Brendel,1965-01-03,Senior Staff,d007,Sales
414897,Juyoung,Willoner,1965-01-17,Staff,d007,Sales
477350,Terresa,Vigier,1965-01-01,Staff,d007,Sales
498635,Florian,Pezzoli,1965-01-09,Staff,d007,Sales
416420,Adamantios,Heemskerk,1965-01-22,Senior Staff,d007,Sales
41609,Yucai,Simmen,1965-01-04,Senior Staff,d007,Sales
225438,Remmert,Quaggetto,1965-01-14,Staff,d007,Sales
417435,Bouchung,Zaumen,1965-01-03,Senior Staff,d007,Sales
220611,Yuping,Babb,1965-01-23,Senior Staff,d007,Sales
220418,Poorav,Laventhal,1965-01-23,Staff,d007,Sales
418717,Arunachalam,Magliocco,1965-01-20,Senior Staff,d007,Sales
419099,Heon,Broomell,1965-01-15,Staff,d007,Sales
21909,Mohammed,Brizzi,1965-01-04,Staff,d007,Sales
420557,Mabhin,Eastman,1965-01-06,Staff,d007,Sales
420759,Raimond,Solovay,1965-01-04,Staff,d007,Sales
420765,Shawna,Krider,1965-01-17,Senior Staff,d007,Sales
421022,Shigeaki,Butner,1965-01-26,Senior Staff,d007,Sales
421033,Garnik,Randt,1965-01-14,Senior Staff,d007,Sales
421074,Zhaofang,Falster,1965-01-07,Staff,d007,Sales
217272,Yuchang,Eldridge,1965-01-21,Staff,d007,Sales
217026,Otmar,Engberts,1965-01-11,Staff,d007,Sales
493048,Muzhong,Berztiss,1965-01-31,Senior Staff,d007,Sales
216921,Lena,Lenart,1965-01-22,Staff,d007,Sales
423038,Takushi,Strehl,1965-01-20,Senior Staff,d007,Sales
423204,Uma,Stranks,1965-01-08,Senior Staff,d007,Sales
41137,Bikash,Buchter,1965-01-20,Senior Staff,d007,Sales
10095,Hilari,Morton,1965-01-03,Staff,d007,Sales
423327,Constantijn,Lichtman,1965-01-27,Staff,d007,Sales
423350,Heping,Monarch,1965-01-04,Staff,d007,Sales
40269,Toshiki,Ghazalie,1965-01-10,Staff,d007,Sales
424797,Theron,Itschner,1965-01-19,Staff,d007,Sales
424805,Jacqueline,Zallocco,1965-01-24,Staff,d007,Sales
39952,Otmar,Sudbeck,1965-01-02,Staff,d007,Sales
214215,Xiaoqiang,Cardazo,1965-01-25,Senior Staff,d007,Sales
213140,Tru,Danecki,1965-01-10,Staff,d007,Sales
425780,Paris,Range,1965-01-15,Staff,d007,Sales
425875,Jahangir,Kroft,1965-01-19,Senior Staff,d007,Sales
426153,Shahaf,Luce,1965-01-16,Senior Staff,d007,Sales
10291,Dipayan,Seghrouchni,1965-01-23,Staff,d007,Sales
208639,Larisa,Lukaszewicz,1965-01-27,Staff,d007,Sales
208330,Shen,Flanders,1965-01-11,Staff,d007,Sales
426824,Gopalakrishnan,Mawatari,1965-01-25,Senior Staff,d007,Sales
206748,Yucai,Fabrizio,1965-01-07,Staff,d007,Sales
205699,Youjian,Yetto,1965-01-31,Senior Staff,d007,Sales
428219,Ghassan,Androutsos,1965-01-21,Staff,d007,Sales
429231,Kazuyasu,Schmiedel,1965-01-09,Senior Staff,d007,Sales
429238,Mona,Luck,1965-01-29,Senior Staff,d007,Sales
204470,Hein,Lichtner,1965-01-22,Staff,d007,Sales
429381,Limsoon,Roohalamini,1965-01-06,Staff,d007,Sales
429532,Bartek,Vendrig,1965-01-25,Senior Staff,d007,Sales
481213,Shigehiro,Haldar,1965-01-08,Senior Staff,d007,Sales
204117,Jessie,Nooteboom,1965-01-10,Staff,d007,Sales
429954,Renny,Gladwell,1965-01-26,Staff,d007,Sales
38168,Fumiko,Deverell,1965-01-14,Senior Staff,d007,Sales
203720,Sasan,Thimonier,1965-01-30,Senior Staff,d007,Sales
203474,Hugh,Jonsson,1965-01-03,Senior Staff,d007,Sales
435370,Conal,Basart,1965-01-16,Senior Staff,d007,Sales
435602,Dietrich,Kranzdorf,1965-01-29,Staff,d007,Sales
435774,Olivera,Bharadwaj,1965-01-09,Senior Staff,d007,Sales
107828,Ramya,Walston,1965-01-26,Staff,d007,Sales
105520,Haldun,Lienhardt,1965-01-01,Senior Staff,d007,Sales
437369,Kazuhide,Biran,1965-02-01,Senior Staff,d007,Sales
104133,Pranjal,Zyda,1965-01-31,Staff,d007,Sales
36626,Fen,Genin,1965-01-02,Senior Staff,d007,Sales
101902,Mantis,Millington,1965-01-14,Staff,d007,Sales
483978,Dung,Tanemo,1965-01-24,Senior Staff,d007,Sales
101647,Mori,Homond,1965-01-22,Staff,d007,Sales
440325,Douadi,Sullins,1965-01-10,Senior Staff,d007,Sales
101487,Abdelaziz,Sury,1965-01-14,Staff,d007,Sales
440642,Snehasis,Kalsbeek,1965-01-14,Staff,d007,Sales
441197,Miquel,Legleitner,1965-01-18,Staff,d007,Sales
99590,Dhritiman,Anily,1965-01-24,Staff,d007,Sales
442002,Ravishankar,Baig,1965-01-03,Senior Staff,d007,Sales
34505,Felicidad,Kumaresan,1965-01-28,Staff,d007,Sales
95314,Rasiah,Koblick,1965-01-22,Staff,d007,Sales
443841,Shaw,Kading,1965-01-08,Staff,d007,Sales
444099,Kousuke,Worfolk,1965-01-28,Staff,d007,Sales
444208,Irena,Cesareni,1965-01-27,Senior Staff,d007,Sales
34077,Angel,Sichman,1965-01-08,Staff,d007,Sales
92841,Claude,Candan,1965-01-22,Senior Staff,d007,Sales
494995,Yongmao,Pouyioutas,1965-01-04,Staff,d007,Sales
92685,Mang,Atchley,1965-01-26,Senior Staff,d007,Sales
446121,Fay,Cochrane,1965-01-11,Staff,d007,Sales
91415,Jamaludin,Nilsson,1965-01-04,Senior Staff,d007,Sales
91333,Lobel,Stafford,1965-01-27,Staff,d007,Sales
447232,Aleksander,Schaaf,1965-01-22,Staff,d007,Sales
447544,Stabislas,Kakkad,1965-01-22,Senior Staff,d007,Sales
447931,Martijn,Jeong,1965-01-11,Staff,d007,Sales
88103,Goo,Bresenham,1965-01-09,Senior Staff,d007,Sales
17447,Zengping,Boreale,1965-01-11,Staff,d007,Sales
448900,Mart,Talmor,1965-01-16,Staff,d007,Sales
87129,Keung,Neiman,1965-01-16,Staff,d007,Sales
449189,Jahangir,Bernatsky,1965-01-30,Senior Staff,d007,Sales
450888,Sedat,Rande,1965-01-03,Senior Staff,d007,Sales
85445,Yongdong,Pollock,1965-01-09,Staff,d007,Sales
451253,Jaihie,Ozeri,1965-01-15,Staff,d007,Sales
452206,Arra,Esposito,1965-01-22,Staff,d007,Sales
486918,Yagil,Remmers,1965-01-18,Senior Staff,d007,Sales
452347,Shigeichiro,Brattka,1965-01-07,Staff,d007,Sales
30484,Sailaja,Chvatal,1965-01-11,Staff,d007,Sales
84236,Eberhardt,Barriga,1965-01-18,Senior Staff,d007,Sales
452957,Alair,Nanard,1965-01-03,Staff,d007,Sales
83544,Leaf,Baak,1965-01-18,Staff,d007,Sales
81644,Divine,Ghandeharizadeh,1965-01-05,Staff,d007,Sales
16461,Remmert,Schahn,1965-01-14,Staff,d007,Sales
80731,Shaowen,Eldridge,1965-01-25,Staff,d007,Sales
487008,Zhigen,Raney,1965-01-22,Senior Staff,d007,Sales
80203,Shakhar,Baik,1965-01-22,Staff,d007,Sales
79895,Fei,Murtagh,1965-01-30,Senior Staff,d007,Sales
455726,Qiwen,Kriebel,1965-01-08,Staff,d007,Sales
456767,Tetsurou,Schreiter,1965-01-24,Staff,d007,Sales
457305,Sorina,Lakshmanan,1965-01-15,Staff,d007,Sales
74668,Masako,Bonifati,1965-01-01,Senior Staff,d007,Sales
488142,Denis,Narlikar,1965-01-05,Staff,d007,Sales
72918,Takahira,Szilard,1965-01-22,Staff,d007,Sales
71188,Pranjal,Schapiro,1965-01-02,Senior Staff,d007,Sales
71066,Domenick,Basart,1965-01-27,Senior Staff,d007,Sales
69867,Miyeon,Rothe,1965-01-22,Staff,d007,Sales
14907,Nakhoon,Luga,1965-01-14,Staff,d007,Sales
459429,Mohit,Verhaegen,1965-01-14,Staff,d007,Sales
274813,Yefim,Pettey,1965-01-10,Staff,d007,Sales
460131,Adly,Hambrick,1965-01-16,Staff,d007,Sales
69052,Shietung,Shrader,1965-01-26,Senior Staff,d007,Sales
275495,Shen,Yamaashi,1965-01-13,Staff,d007,Sales
275801,Ayakannu,Heinisuo,1965-01-22,Senior Staff,d007,Sales
274271,Prodip,Ritcey,1965-01-10,Staff,d007,Sales
276184,Mari,Swick,1965-01-10,Senior Staff,d007,Sales
273858,Gunilla,Matzen,1965-01-13,Staff,d007,Sales
270716,Shunichi,Baer,1965-01-19,Staff,d007,Sales
488707,Mihalis,Remmers,1965-01-16,Senior Staff,d007,Sales
267667,Irena,Kaiserswerth,1965-01-05,Staff,d007,Sales
277316,Vitali,Rothenberg,1965-01-03,Staff,d007,Sales
267304,Jordanka,Axelband,1965-01-06,Senior Staff,d007,Sales
460920,Remzi,Mitzlaff,1965-01-22,Senior Staff,d007,Sales
27686,Manu,Rosiles,1965-01-28,Senior Staff,d007,Sales
278549,Jaana,Werthner,1965-01-02,Senior Staff,d007,Sales
461270,Mrinalini,Mawatari,1965-01-10,Staff,d007,Sales
461801,Sumali,Cooman,1965-01-03,Staff,d007,Sales
266249,Sumant,Nishimukai,1965-01-15,Senior Staff,d007,Sales
280420,Jahangir,Hofting,1965-01-31,Staff,d007,Sales
280525,Kish,Herbst,1965-01-13,Staff,d007,Sales
265794,Miquel,Halloran,1965-01-15,Staff,d007,Sales
265558,Susuma,Kleiser,1965-01-31,Staff,d007,Sales
65998,Mandell,Alameldin,1965-01-09,Senior Staff,d007,Sales
282343,Xinglin,Haldar,1965-01-13,Staff,d007,Sales
65883,Patricia,Pepe,1965-01-07,Staff,d007,Sales
64828,Krister,Pappas,1965-01-27,Staff,d007,Sales
264322,Leandro,Swist,1965-01-03,Staff,d007,Sales
284431,Pintsang,Fujisawa,1965-01-25,Senior Staff,d007,Sales
64632,Zsolt,Brender,1965-01-07,Senior Staff,d007,Sales
464284,Huiqun,Henders,1965-01-20,Senior Staff,d007,Sales
285164,Xiaocheng,Kumaresan,1965-01-02,Staff,d007,Sales
286026,Utpal,Zaumen,1965-01-21,Staff,d007,Sales
263926,Fusako,Schwartzbauer,1965-01-03,Staff,d007,Sales
63566,Heekeun,Slaats,1965-01-31,Senior Staff,d007,Sales
263649,Mechthild,Zongker,1965-01-17,Senior Staff,d007,Sales
263370,Shakhar,Ranze,1965-01-03,Staff,d007,Sales
287323,Steve,Dengi,1965-02-01,Staff,d007,Sales
262328,Mayuko,Vural,1965-01-03,Staff,d007,Sales
261990,Volkmar,Czaja,1965-01-16,Staff,d007,Sales
259611,Shuichi,Marrakchi,1965-01-27,Senior Staff,d007,Sales
466064,Temple,Danlos,1965-01-31,Senior Staff,d007,Sales
288142,Shay,Heystek,1965-01-25,Senior Staff,d007,Sales
259042,Xiaoqiang,Farrow,1965-01-12,Staff,d007,Sales
258470,Weiwu,Butner,1965-01-04,Staff,d007,Sales
288606,Susumu,Swiss,1965-01-21,Staff,d007,Sales
58819,Gennady,Liesche,1965-01-04,Senior Staff,d007,Sales
289909,Hilari,Vecchio,1965-01-09,Senior Staff,d007,Sales
258124,Mariusz,Zolotykh,1965-01-17,Senior Staff,d007,Sales
254821,Tonny,Couchot,1965-01-24,Staff,d007,Sales
56428,Olivera,Hanabata,1965-01-27,Staff,d007,Sales
290441,Gregory,Collavizza,1965-01-25,Senior Staff,d007,Sales
55857,Adin,Scallan,1965-01-18,Staff,d007,Sales
54800,Breannda,Cangellaris,1965-01-13,Staff,d007,Sales
53278,Premsyl,Lortz,1965-01-31,Staff,d007,Sales
253707,Insup,Hainaut,1965-01-05,Staff,d007,Sales
52770,Shugo,Yurek,1965-01-31,Senior Staff,d007,Sales
293752,Jungsoon,Bail,1965-01-04,Senior Staff,d007,Sales
294144,Takanari,Ermel,1965-01-09,Staff,d007,Sales
251645,Bezalel,Tsunoo,1965-01-06,Staff,d007,Sales
251301,Pintsang,Impagliazzo,1965-01-30,Senior Staff,d007,Sales
52639,Arup,Colorni,1965-01-09,Senior Staff,d007,Sales
250411,Ranga,Sommen,1965-01-27,Senior Staff,d007,Sales
14158,Caolyn,Setiz,1965-01-22,Senior Staff,d007,Sales
52386,Adas,Denti,1965-01-28,Staff,d007,Sales
249866,Steen,Gubsky,1965-01-15,Staff,d007,Sales
249325,Ute,Pokrovskii,1965-01-26,Staff,d007,Sales
248758,Snehasis,Muhlberg,1965-02-01,Staff,d007,Sales
235017,Irena,Dratva,1965-01-17,Senior Staff,d007,Sales
295411,Chiranjit,Serot,1965-01-18,Staff,d007,Sales
296428,Charmane,Simmen,1965-01-03,Staff,d007,Sales
247089,Seongbae,Schahn,1965-01-17,Staff,d007,Sales
246764,Shuzo,Czaja,1965-01-04,Staff,d007,Sales
297232,Lokesh,Saoudi,1965-01-16,Senior Staff,d007,Sales
24553,Anwar,Passafiume,1965-01-12,Senior Staff,d007,Sales
245664,Manohar,Kilgore,1965-01-18,Staff,d007,Sales
244873,Arunachalam,Oppitz,1965-01-04,Senior Staff,d007,Sales
243576,Abdulah,Lodder,1965-01-04,Senior Staff,d007,Sales
299737,Patricio,Itzfeldt,1965-02-01,Senior Staff,d007,Sales
470456,Reuven,Oehlmann,1965-01-13,Staff,d007,Sales
400683,Kamakshi,Manders,1965-01-28,Staff,d007,Sales
24394,Zhonghui,Conta,1965-01-04,Staff,d007,Sales
498337,Naraig,Docker,1965-01-30,Staff,d007,Sales
242500,Bingning,Iisaku,1965-01-08,Senior Staff,d007,Sales
51036,Chriss,Fasbender,1965-01-29,Staff,d007,Sales
239748,Bilhanan,Dusink,1965-01-23,Staff,d007,Sales
239244,Abdulla,Kitai,1965-01-13,Senior Staff,d007,Sales
239067,Tadahiko,Pocchiola,1965-01-11,Staff,d007,Sales
472143,Yahiko,Sommen,1965-01-25,Senior Staff,d007,Sales
49464,Siddarth,Cappelletti,1965-01-14,Staff,d007,Sales
491478,Gill,Varman,1965-01-16,Senior Staff,d007,Sales
238949,Minghong,Cronin,1965-01-09,Senior Staff,d007,Sales
238422,Vishv,Angelov,1965-01-10,Staff,d007,Sales
48947,Filipp,Akaboshi,1965-01-05,Senior Staff,d007,Sales
405015,Morris,Fargier,1965-01-02,Staff,d007,Sales
238252,Uno,Suppi,1965-01-09,Staff,d007,Sales
236964,Adel,Foote,1965-01-17,Staff,d007,Sales
473268,Hugo,Sgarro,1965-01-01,Senior Staff,d007,Sales
473299,Khaled,Penn,1965-01-12,Senior Staff,d007,Sales
406847,Alexius,Crouzet,1965-01-24,Staff,d007,Sales
236883,Huan,Olivero,1965-01-27,Staff,d007,Sales
48275,Sariel,Massonet,1965-01-29,Staff,d007,Sales
235096,Sverrir,Gyimothy,1965-01-21,Senior Staff,d007,Sales
432031,Adamantios,Matzat,1965-01-11,Staff,d007,Sales
109953,Godehard,Chorvat,1965-01-26,Senior Staff,d007,Sales
482944,Duke,Journel,1965-01-26,Senior Staff,d007,Sales
109620,Mani,Cannata,1965-01-02,Senior Staff,d007,Sales
433059,Bojan,Montresor,1965-01-02,Staff,d007,Sales
433157,Tomofumi,Serna,1965-01-16,Staff,d007,Sales
434845,Takushi,Skogmar,1965-01-11,Staff,d007,Sales
483401,Rosita,Pokrovskii,1965-01-10,Senior Staff,d007,Sales
435042,Brigham,Borstler,1965-01-10,Staff,d007,Sales
435060,Moie,Lieblein,1965-01-16,Staff,d007,Sales
108988,Oksana,Baek,1965-01-19,Senior Staff,d007,Sales
435305,Berthier,Pramanik,1965-01-21,Staff,d007,Sales
228248,Yuriy,Plump,1965-01-09,Staff,d008,Research
482354,Jayson,Zockler,1965-01-23,Staff,d008,Research
274369,Ranga,Waymire,1965-01-29,Senior Staff,d008,Research
276027,Holgard,Stavenow,1965-01-04,Senior Staff,d008,Research
296687,Palash,Spieker,1965-01-02,Staff,d008,Research
433438,Keiichiro,Miyakawa,1965-01-06,Staff,d008,Research
290467,Shaowen,Poulakidas,1965-01-29,Staff,d008,Research
227901,Francesca,Azuma,1965-01-26,Staff,d008,Research
108198,Randi,Samarati,1965-01-24,Staff,d008,Research
26629,Nevin,Rodham,1965-01-28,Senior Staff,d008,Research
204246,Arve,Worfolk,1965-01-09,Senior Staff,d008,Research
278239,Boaz,Bottner,1965-01-19,Staff,d008,Research
436915,Feixiong,Haraldson,1965-01-13,Staff,d008,Research
39000,Martijn,Vendrig,1965-01-08,Senior Staff,d008,Research
266862,Mart,Plumb,1965-01-10,Senior Staff,d008,Research
53314,Eberhardt,Carrera,1965-01-06,Staff,d008,Research
297474,Irena,Terkki,1965-01-13,Staff,d008,Research
266310,Zvonko,Serdy,1965-01-23,Staff,d008,Research
99654,Mahendra,Motley,1965-01-30,Staff,d008,Research
440937,Fabrizio,Usery,1965-01-18,Staff,d008,Research
292404,Hongzue,Zultner,1965-01-28,Senior Staff,d008,Research
42950,Shaleah,Eickenmeyer,1965-01-22,Senior Staff,d008,Research
441965,Claudi,Heijenga,1965-01-12,Senior Staff,d008,Research
25488,Ingmar,Basawa,1965-01-19,Staff,d008,Research
98639,Florina,Assaf,1965-01-29,Staff,d008,Research
98288,Sumali,Huttel,1965-01-12,Staff,d008,Research
462795,Somnath,Cummings,1965-01-05,Senior Staff,d008,Research
442700,Siddarth,Masada,1965-01-06,Staff,d008,Research
97661,Avishai,Hegner,1965-01-31,Staff,d008,Research
420694,Frazer,Barbanera,1965-01-19,Staff,d008,Research
443485,Marke,Klerer,1965-01-23,Senior Staff,d008,Research
66530,Dung,Leaver,1965-01-29,Staff,d008,Research
95181,Yishai,Cappelli,1965-01-28,Staff,d008,Research
414714,Chinho,Delgrande,1965-01-06,Senior Staff,d008,Research
282333,Nahla,Serdy,1965-01-25,Staff,d008,Research
444643,Berna,Schonegge,1965-01-18,Staff,d008,Research
445152,Heping,Peac,1965-01-09,Staff,d008,Research
476055,Girolamo,Schlumberger,1965-01-03,Senior Staff,d008,Research
406714,Malu,Ossenbruggen,1965-02-01,Senior Staff,d008,Research
206836,Guadalupe,Pfau,1965-01-12,Senior Staff,d008,Research
207401,Shuji,Barbanera,1965-01-04,Staff,d008,Research
229248,Harjit,Terekhov,1965-01-27,Staff,d008,Research
469867,Hein,Jonsson,1965-01-23,Staff,d008,Research
447376,Kirk,Zongker,1965-01-07,Staff,d008,Research
239803,Oscal,Ernst,1965-01-30,Staff,d008,Research
480178,Uinam,Rahier,1965-01-03,Staff,d008,Research
244624,Boaz,Seuren,1965-01-31,Staff,d008,Research
89590,Guther,Rothenberg,1965-01-27,Staff,d008,Research
219417,Subhrajyoti,Denna,1965-01-29,Staff,d008,Research
87729,Yongmin,Roccetti,1965-01-24,Staff,d008,Research
220528,Sibyl,Rabehasaina,1965-01-06,Senior Staff,d008,Research
86672,JoAnne,Anido,1965-01-15,Staff,d008,Research
449815,Fumitaka,Quittner,1965-01-27,Staff,d008,Research
485799,Yoshimitsu,Litvinov,1965-01-27,Senior Staff,d008,Research
32649,Ingmar,Nannarelli,1965-01-12,Senior Staff,d008,Research
427313,Utpal,Kemmerer,1965-01-31,Staff,d008,Research
207779,Chinya,Kamble,1965-01-16,Senior Staff,d008,Research
285905,Kellyn,Bage,1965-01-09,Senior Staff,d008,Research
451275,Bedrich,Isard,1965-01-25,Senior Staff,d008,Research
84840,Sverrir,Neimat,1965-01-14,Staff,d008,Research
299718,Denny,Shobatake,1965-01-15,Staff,d008,Research
473490,Pantung,Reeker,1965-01-06,Staff,d008,Research
83941,Zsolt,Hagimont,1965-01-11,Staff,d008,Research
52283,Trygve,Krupka,1965-01-20,Staff,d008,Research
10476,Kokou,Iisaka,1965-01-01,Staff,d008,Research
39301,Rimon,Kawashima,1965-01-07,Senior Staff,d008,Research
80432,Stella,Figueira,1965-01-17,Staff,d008,Research
224390,True,Shobatake,1965-01-24,Senior Staff,d008,Research
479601,Kayoko,Bahi,1965-01-19,Staff,d008,Research
487505,Uno,Jayawardene,1965-01-20,Senior Staff,d008,Research
498838,Sanjay,Ciolek,1965-01-16,Senior Staff,d008,Research
30035,Tetsushi,Conta,1965-01-08,Senior Staff,d008,Research
457146,Jinpo,Heyers,1965-01-20,Staff,d008,Research
216054,Sahrah,Angiulli,1965-01-24,Staff,d008,Research
10762,Lech,Himler,1965-01-19,Senior Staff,d008,Research
40765,Michaela,Ramsak,1965-01-01,Staff,d008,Research
469527,Halsur,Ibel,1965-01-24,Staff,d008,Research
458191,George,Atchley,1965-01-28,Staff,d008,Research
235458,Gio,Heuser,1965-01-05,Staff,d008,Research
296062,Shaz,Driscoll,1965-01-29,Staff,d008,Research
289687,Fai,Maccarone,1965-01-31,Staff,d008,Research
413098,Hsiangchu,Taubenfeld,1965-01-26,Staff,d008,Research
91172,Kazuhisa,Melter,1965-01-19,Senior Staff,d009,Customer Service
90518,Fumiko,Chepyzhov,1965-01-24,Senior Staff,d009,Customer Service
420476,Mariangiola,Bolsens,1965-01-28,Senior Staff,d009,Customer Service
491632,Gadiel,Perly,1965-01-01,Staff,d009,Customer Service
466367,Hiroyasu,Strandh,1965-01-05,Senior Staff,d009,Customer Service
18583,Stafford,Honglei,1965-01-03,Staff,d009,Customer Service
202414,Zvonko,Murthy,1965-01-13,Senior Staff,d009,Customer Service
432121,Alair,Straney,1965-01-06,Staff,d009,Customer Service
200267,Chuanti,Luff,1965-01-08,Staff,d009,Customer Service
37070,Jeong,Undy,1965-01-22,Senior Staff,d009,Customer Service
240438,Temple,Cyre,1965-01-02,Staff,d009,Customer Service
20128,Kazunori,Peak,1965-01-23,Senior Staff,d009,Customer Service
36844,Hailing,Levergood,1965-01-01,Staff,d009,Customer Service
259237,Palash,Gammage,1965-01-27,Senior Staff,d009,Customer Service
240285,Kolar,Greenaway,1965-01-23,Staff,d009,Customer Service
260408,Sasan,Brookner,1965-01-19,Staff,d009,Customer Service
272285,Gully,Mitchem,1965-01-19,Staff,d009,Customer Service
430593,Janalee,Lanzelotte,1965-01-19,Senior Staff,d009,Customer Service
80067,Kazuhisa,Weiland,1965-01-19,Senior Staff,d009,Customer Service
401420,Florian,Uhrig,1965-01-06,Senior Staff,d009,Customer Service
464303,Abdelghani,Nyrup,1965-01-22,Senior Staff,d009,Customer Service
276563,Gift,Solares,1965-01-01,Senior Staff,d009,Customer Service
492052,Udo,Ratnakar,1965-01-11,Staff,d009,Customer Service
488788,Wuxu,Garigliano,1965-01-12,Staff,d009,Customer Service
214391,Rayond,Klassen,1965-01-15,Staff,d009,Customer Service
277362,Uzi,Kugler,1965-01-09,Senior Staff,d009,Customer Service
240132,Mizuhito,Kobara,1965-02-01,Senior Staff,d009,Customer Service
108091,Hisao,Ghemri,1965-01-09,Staff,d009,Customer Service
27331,Wanqing,Krohm,1965-01-19,Senior Staff,d009,Customer Service
46000,Zhaofang,Penn,1965-01-26,Senior Staff,d009,Customer Service
220699,Nahid,Gyimothy,1965-01-07,Staff,d009,Customer Service
36733,Uma,Reinhard,1965-01-04,Staff,d009,Customer Service
260249,Vugranam,Beausoleil,1965-01-22,Staff,d009,Customer Service
493031,Hironoby,Jakobus,1965-01-23,Staff,d009,Customer Service
47016,Toong,Litecky,1965-01-03,Staff,d009,Customer Service
77303,Xinglin,Birge,1965-01-18,Staff,d009,Customer Service
267059,Moie,Tempesti,1965-01-09,Senior Staff,d009,Customer Service
40773,Shimshon,Aingworth,1965-01-09,Staff,d009,Customer Service
20248,Vidar,Demri,1965-01-12,Staff,d009,Customer Service
33025,Jessie,Thorelli,1965-01-12,Senior Staff,d009,Customer Service
29265,Gilbert,Calkin,1965-01-14,Staff,d009,Customer Service
438264,Rasikan,Barreiro,1965-01-19,Senior Staff,d009,Customer Service
35793,Oscar,Kusalik,1965-01-01,Staff,d009,Customer Service
19350,Satoru,Yoshizawa,1965-01-19,Staff,d009,Customer Service
439905,Kousuke,Levasseur,1965-01-03,Staff,d009,Customer Service
427332,Feiyu,Hemaspaandra,1965-01-20,Staff,d009,Customer Service
217363,Horward,Marzano,1965-01-14,Staff,d009,Customer Service
35087,Leif,Ashish,1965-01-17,Staff,d009,Customer Service
467918,Tsuneo,Skrikant,1965-01-03,Staff,d009,Customer Service
280291,Lenore,Badache,1965-01-26,Staff,d009,Customer Service
85874,Pasqua,Taubman,1965-01-30,Senior Staff,d009,Customer Service
458726,Shahaf,Kitai,1965-01-13,Staff,d009,Customer Service
64209,Golgen,Schoegge,1965-01-24,Senior Staff,d009,Customer Service
215629,Munehiro,Manders,1965-01-15,Staff,d009,Customer Service
99373,Xiaobin,Christianini,1965-01-13,Staff,d009,Customer Service
289807,Soenke,Lemarechal,1965-01-04,Staff,d009,Customer Service
465085,Vidar,Gunderson,1965-01-18,Senior Staff,d009,Customer Service
99057,Shugo,Reeken,1965-01-30,Staff,d009,Customer Service
426818,Gaurav,Fendler,1965-01-21,Senior Staff,d009,Customer Service
408437,Uno,Solares,1965-01-29,Staff,d009,Customer Service
426795,Huican,Lunn,1965-01-07,Senior Staff,d009,Customer Service
27767,Tooru,Veldwijk,1965-01-27,Staff,d009,Customer Service
230126,Bezalel,Radivojevic,1965-01-31,Senior Staff,d009,Customer Service
286029,Jaques,Nanard,1965-01-28,Staff,d009,Customer Service
488095,Francoise,Hegner,1965-01-24,Senior Staff,d009,Customer Service
60091,Surveyors,Bade,1965-02-01,Staff,d009,Customer Service
408654,Yongqiao,Cochrane,1965-01-09,Staff,d009,Customer Service
444070,Heping,Skrikant,1965-01-15,Senior Staff,d009,Customer Service
231671,Chandrasekaran,Pearson,1965-01-07,Staff,d009,Customer Service
413831,Mohamadou,Grabner,1965-01-09,Staff,d009,Customer Service
20500,Christoph,Trystram,1965-01-30,Staff,d009,Customer Service
84029,Babette,Eugenio,1965-01-27,Staff,d009,Customer Service
236566,Yechezkel,Maginnis,1965-01-17,Staff,d009,Customer Service
427823,Jaques,Gecsei,1965-01-18,Staff,d009,Customer Service
453154,Gao,Lally,1965-01-03,Staff,d009,Customer Service
221367,Saddek,Farris,1965-01-13,Senior Staff,d009,Customer Service
212154,Sailaja,Holburn,1965-01-17,Senior Staff,d009,Customer Service
282585,Zijian,Lammel,1965-01-03,Staff,d009,Customer Service
295030,Fun,Keirsey,1965-01-01,Senior Staff,d009,Customer Service
453760,Ewing,Rajala,1965-01-13,Senior Staff,d009,Customer Service
229098,Berry,Yurek,1965-01-08,Senior Staff,d009,Customer Service
498456,Geraldo,Gerteisen,1965-01-17,Staff,d009,Customer Service
485253,Gladys,Parhami,1965-01-14,Senior Staff,d009,Customer Service
478858,Hidekazu,Perna,1965-01-20,Staff,d009,Customer Service
496100,Pranjal,Reinhard,1965-01-07,Staff,d009,Customer Service
